<?xml version="1.0" encoding="UTF-8" standalone="yes"?>
<applicationHaul xmlns:a="http://www.appian.com/ae/types/2009">
    <versionUuid>_a-0000ee34-a985-8000-9c6f-011c48011c48_6302830</versionUuid>
    <application>
        <name>Notes Management</name>
        <uuid>212cf57a-f690-4f32-9cf9-2e388f89a77c</uuid>
        <description></description>
        <parentUuid>SYSTEM_APPLICATIONS_ROOT</parentUuid>
        <visibility>
            <advertise>false</advertise>
            <hierarchy>true</hierarchy>
            <indexable>true</indexable>
            <quota>false</quota>
            <searchable>true</searchable>
            <system>false</system>
            <unlogged>false</unlogged>
        </visibility>
        <urlIdentifier>VqlUSw</urlIdentifier>
        <published>false</published>
        <public>false</public>
        <prefix>NM</prefix>
        <associatedObjects>
            <globalIdMap>
                <item>
                    <type>datatype</type>
                    <uuids>
                        <uuid>{urn:com:appian:types:PM}PM_TemporaryNotes</uuid>
                    </uuids>
                </item>
                <item>
                    <type>dataStore</type>
                    <uuids/>
                </item>
                <item>
                    <type>user</type>
                    <uuids/>
                </item>
                <item>
                    <type>groupType</type>
                    <uuids/>
                </item>
                <item>
                    <type>group</type>
                    <uuids>
                        <uuid>d278427a-b619-49e3-a88d-61462bb98ec9</uuid>
                        <uuid>731a6341-e12a-4921-add6-7a8746eb6378</uuid>
                    </uuids>
                </item>
                <item>
                    <type>content</type>
                    <uuids>
                        <uuid>428e9706-99be-413a-980d-e9e41b616c08</uuid>
                        <uuid>d44a364e-cf69-4bb8-8c03-481a98f1e569</uuid>
                        <uuid>d8541414-7e58-474f-b758-69c69f6b0f50</uuid>
                        <uuid>29682173-a6cf-464d-ab24-f31eb079ab84</uuid>
                        <uuid>_a-0000edf4-91d0-8000-9cdd-011c48011c48_2387246</uuid>
                        <uuid>_a-0000edf4-91d0-8000-9cdd-011c48011c48_2387315</uuid>
                        <uuid>_a-0000edf4-91d0-8000-9cdd-011c48011c48_2372502</uuid>
                        <uuid>_a-0000edf4-91d0-8000-9cdd-011c48011c48_2372524</uuid>
                        <uuid>_a-0000edf4-91d0-8000-9cdd-011c48011c48_2371971</uuid>
                        <uuid>_a-0000edf4-91d0-8000-9cdd-011c48011c48_2372412</uuid>
                        <uuid>_a-0000edf4-91d0-8000-9cdd-011c48011c48_2372468</uuid>
                        <uuid>_a-0000edf4-91d0-8000-9cdd-011c48011c48_2371767</uuid>
                        <uuid>_a-0000edf4-91d0-8000-9cdd-011c48011c48_2372329</uuid>
                        <uuid>_a-0000edf4-91d0-8000-9cdd-011c48011c48_2379656</uuid>
                        <uuid>_a-0000ee06-fefb-8000-9c6d-011c48011c48_6123945</uuid>
                        <uuid>_a-0000ee06-fefb-8000-9c6d-011c48011c48_6123957</uuid>
                        <uuid>_a-0000ee06-fefb-8000-9c6d-011c48011c48_6123985</uuid>
                        <uuid>_a-0000ee34-a985-8000-9c6f-011c48011c48_6302361</uuid>
                        <uuid>_a-0000ee34-a985-8000-9c6f-011c48011c48_6302367</uuid>
                        <uuid>_a-0000ee34-a985-8000-9c6f-011c48011c48_6302623</uuid>
                    </uuids>
                </item>
                <item>
                    <type>forum</type>
                    <uuids/>
                </item>
                <item>
                    <type>processModelFolder</type>
                    <uuids>
                        <uuid>38d50d91-4d18-48d7-a4e0-1a3b693dd452</uuid>
                    </uuids>
                </item>
                <item>
                    <type>processModel</type>
                    <uuids>
                        <uuid>0002edff-96bc-8000-b12e-7f0000014e7a</uuid>
                        <uuid>0002edff-9329-8000-b12c-7f0000014e7a</uuid>
                        <uuid>0002ee0f-3124-8000-b236-7f0000014e7a</uuid>
                        <uuid>0002ee26-31c7-8000-882f-7f0000014e7a</uuid>
                        <uuid>0002ee51-0fed-8000-91c9-7f0000014e7a</uuid>
                    </uuids>
                </item>
                <item>
                    <type>portlet</type>
                    <uuids/>
                </item>
                <item>
                    <type>page</type>
                    <uuids/>
                </item>
                <item>
                    <type>application</type>
                    <uuids/>
                </item>
                <item>
                    <type>tempoFeed</type>
                    <uuids/>
                </item>
                <item>
                    <type>recordType</type>
                    <uuids>
                        <uuid>a6d3991e-5d84-4730-9788-84904f4c68dc</uuid>
                        <uuid>71511ef6-5685-4f4d-8aac-f288feae9c06</uuid>
                        <uuid>c63eb646-a839-4d87-9050-0b8af446728a</uuid>
                        <uuid>588418e8-896b-42a0-9948-b8099f211025</uuid>
                    </uuids>
                </item>
                <item>
                    <type>recordField</type>
                    <uuids/>
                </item>
                <item>
                    <type>recordRelationship</type>
                    <uuids/>
                </item>
                <item>
                    <type>tempoReport</type>
                    <uuids/>
                </item>
                <item>
                    <type>taskReport</type>
                    <uuids/>
                </item>
                <item>
                    <type>webApi</type>
                    <uuids>
                        <uuid>2c9e840b-5481-45b0-beb4-4f23241b06f0</uuid>
                        <uuid>d8b39d66-9790-458b-b218-435cecf38f59</uuid>
                        <uuid>869015a0-43b9-419e-9b8e-e6656871f98f</uuid>
                        <uuid>90fa447a-e162-4e4f-9bdd-70a411bfad83</uuid>
                        <uuid>c50f50eb-6e67-44cb-b7b9-3a38b634bf61</uuid>
                        <uuid>657fef52-901d-46e8-9227-515493c117a3</uuid>
                        <uuid>f4d720c3-4139-4686-92e8-0d5e3d6a7d9e</uuid>
                        <uuid>4127bfa3-1541-483a-a037-70b607257c69</uuid>
                    </uuids>
                </item>
                <item>
                    <type>site</type>
                    <uuids/>
                </item>
                <item>
                    <type>adminSetting</type>
                    <uuids/>
                </item>
                <item>
                    <type>thirdPartyCredentials</type>
                    <uuids/>
                </item>
                <item>
                    <type>dataSource</type>
                    <uuids/>
                </item>
                <item>
                    <type>embeddedSailTheme</type>
                    <uuids/>
                </item>
                <item>
                    <type>connectedSystem</type>
                    <uuids/>
                </item>
                <item>
                    <type>pluginInfo</type>
                    <uuids/>
                </item>
                <item>
                    <type>featureFlag</type>
                    <uuids/>
                </item>
                <item>
                    <type>designObjectReferenceImplementation</type>
                    <uuids/>
                </item>
                <item>
                    <type>aiSkill</type>
                    <uuids>
                        <uuid>bcafaf6c-38df-4cee-ac9d-6c07fd1e3aac</uuid>
                        <uuid>1a229347-3aed-4778-9dfe-4cfbaf30e6ce</uuid>
                        <uuid>e5e8b48e-c684-4d36-94f4-a94f285512e1</uuid>
                    </uuids>
                </item>
                <item>
                    <type>roboticTaskDesignObject</type>
                    <uuids/>
                </item>
                <item>
                    <type>robotPoolDesignObject</type>
                    <uuids/>
                </item>
                <item>
                    <type>portal</type>
                    <uuids/>
                </item>
                <item>
                    <type>translationSet</type>
                    <uuids/>
                </item>
                <item>
                    <type>translationString</type>
                    <uuids/>
                </item>
                <item>
                    <type>translationVariable</type>
                    <uuids/>
                </item>
                <item>
                    <type>controlPanel</type>
                    <uuids/>
                </item>
                <item>
                    <type>controlPanelTierItem</type>
                    <uuids/>
                </item>
                <item>
                    <type>messageExecutor</type>
                    <uuids/>
                </item>
                <item>
                    <type>aiAgent</type>
                    <uuids/>
                </item>
            </globalIdMap>
        </associatedObjects>
        <applicationNavigation/>
        <applicationActions/>
        <associatedApplications>
            <globalIdMap>
                <item>
                    <type>datatype</type>
                    <uuids/>
                </item>
                <item>
                    <type>dataStore</type>
                    <uuids/>
                </item>
                <item>
                    <type>user</type>
                    <uuids/>
                </item>
                <item>
                    <type>groupType</type>
                    <uuids/>
                </item>
                <item>
                    <type>group</type>
                    <uuids/>
                </item>
                <item>
                    <type>content</type>
                    <uuids/>
                </item>
                <item>
                    <type>forum</type>
                    <uuids/>
                </item>
                <item>
                    <type>processModelFolder</type>
                    <uuids/>
                </item>
                <item>
                    <type>processModel</type>
                    <uuids/>
                </item>
                <item>
                    <type>portlet</type>
                    <uuids/>
                </item>
                <item>
                    <type>page</type>
                    <uuids/>
                </item>
                <item>
                    <type>application</type>
                    <uuids/>
                </item>
                <item>
                    <type>tempoFeed</type>
                    <uuids/>
                </item>
                <item>
                    <type>recordType</type>
                    <uuids/>
                </item>
                <item>
                    <type>recordField</type>
                    <uuids/>
                </item>
                <item>
                    <type>recordRelationship</type>
                    <uuids/>
                </item>
                <item>
                    <type>tempoReport</type>
                    <uuids/>
                </item>
                <item>
                    <type>taskReport</type>
                    <uuids/>
                </item>
                <item>
                    <type>webApi</type>
                    <uuids/>
                </item>
                <item>
                    <type>site</type>
                    <uuids/>
                </item>
                <item>
                    <type>adminSetting</type>
                    <uuids/>
                </item>
                <item>
                    <type>thirdPartyCredentials</type>
                    <uuids/>
                </item>
                <item>
                    <type>dataSource</type>
                    <uuids/>
                </item>
                <item>
                    <type>embeddedSailTheme</type>
                    <uuids/>
                </item>
                <item>
                    <type>connectedSystem</type>
                    <uuids/>
                </item>
                <item>
                    <type>pluginInfo</type>
                    <uuids/>
                </item>
                <item>
                    <type>featureFlag</type>
                    <uuids/>
                </item>
                <item>
                    <type>designObjectReferenceImplementation</type>
                    <uuids/>
                </item>
                <item>
                    <type>aiSkill</type>
                    <uuids/>
                </item>
                <item>
                    <type>roboticTaskDesignObject</type>
                    <uuids/>
                </item>
                <item>
                    <type>robotPoolDesignObject</type>
                    <uuids/>
                </item>
                <item>
                    <type>portal</type>
                    <uuids/>
                </item>
                <item>
                    <type>translationSet</type>
                    <uuids/>
                </item>
                <item>
                    <type>translationString</type>
                    <uuids/>
                </item>
                <item>
                    <type>translationVariable</type>
                    <uuids/>
                </item>
                <item>
                    <type>controlPanel</type>
                    <uuids/>
                </item>
                <item>
                    <type>controlPanelTierItem</type>
                    <uuids/>
                </item>
                <item>
                    <type>messageExecutor</type>
                    <uuids/>
                </item>
                <item>
                    <type>aiAgent</type>
                    <uuids/>
                </item>
            </globalIdMap>
        </associatedApplications>
    </application>
    <roleMap>
        <contentRoleMap public="true">
            <role inherit="false" allowForAll="false" name="readers">
                <users/>
                <groups>
                    <groupUuid>731a6341-e12a-4921-add6-7a8746eb6378</groupUuid>
                </groups>
            </role>
            <role inherit="false" allowForAll="false" name="authors">
                <users/>
                <groups/>
            </role>
            <role inherit="false" allowForAll="false" name="administrators">
                <users/>
                <groups>
                    <groupUuid>d278427a-b619-49e3-a88d-61462bb98ec9</groupUuid>
                </groups>
            </role>
            <role inherit="false" allowForAll="false" name="denyReaders">
                <users/>
                <groups/>
            </role>
            <role inherit="false" allowForAll="false" name="denyAuthors">
                <users/>
                <groups/>
            </role>
            <role inherit="false" allowForAll="false" name="denyAdministrators">
                <users/>
                <groups/>
            </role>
        </contentRoleMap>
    </roleMap>
    <defaultApplicationObjects>
        <object>
            <objectKey>defaultAdminsGroup</objectKey>
            <objectType>group</objectType>
            <objectUuid>d278427a-b619-49e3-a88d-61462bb98ec9</objectUuid>
        </object>
        <object>
            <objectKey>defaultUsersGroup</objectKey>
            <objectType>group</objectType>
            <objectUuid>731a6341-e12a-4921-add6-7a8746eb6378</objectUuid>
        </object>
    </defaultApplicationObjects>
    <applicationDocumentation/>
    <history>
        <historyInfo versionUuid="212cf57a-f690-4f32-9cf9-2e388f89a77c"/>
        <historyInfo versionUuid="_a-0000ee34-a985-8000-9c6f-011c48011c48_6302830"/>
    </history>
    <postDeploymentProcessData/>
    <requirementsCaptureB64 xmlns:xsi="http://www.w3.org/2001/XMLSchema-instance" xsi:nil="true"/>
</applicationHaul>
