<?xml version="1.0" encoding="UTF-8" standalone="yes"?>
<contentHaul xmlns:a="http://www.appian.com/ae/types/2009">
    <versionUuid>_a-0000ee06-fefb-8000-9c6d-011c48011c48_6046241</versionUuid>
    <rule>
        <name>NM_constructNotesForGetSubContentResponse</name>
        <uuid>_a-0000edf4-91d0-8000-9cdd-011c48011c48_2372524</uuid>
        <description></description>
        <parentUuid>428e9706-99be-413a-980d-e9e41b616c08</parentUuid>
        <visibility>
            <advertise>false</advertise>
            <hierarchy>true</hierarchy>
            <indexable>true</indexable>
            <quota>false</quota>
            <searchable>true</searchable>
            <system>false</system>
            <unlogged>false</unlogged>
        </visibility>
        <definition>a!localVariables(
  local!data: #"_a-0000edf4-91d0-8000-9cdd-011c48011c48_2372502"(
    noteId: index(ri!queryParameters, "id", null),
    fields: {
      #"urn:appian:record-field:v1:a6d3991e-5d84-4730-9788-84904f4c68dc/35abac9c-bfb9-4563-89f1-4b19ae6e5e51"
    },
    isActive: true
  ).data,
  a!flatten(
    #"SYSTEM_SYSRULES_forEach"(
      local!data,
      'type!{urn:com:appian:types:PM}PM_TemporaryNotes'(
        id: cast(1, index(ri!queryParameters, "id", null)),
        notes: joinarray(
          index(
            fv!item,
            #"urn:appian:record-field:v1:a6d3991e-5d84-4730-9788-84904f4c68dc/35abac9c-bfb9-4563-89f1-4b19ae6e5e51",
            null
          ),
          ""
        )
      )
    )
  )
)</definition>
        <namedTypedValue>
            <name>queryParameters</name>
            <type>
                <name>Variant</name>
                <namespace>http://www.appian.com/ae/types/2009</namespace>
            </type>
        </namedTypedValue>
        <preferredEditor>legacy</preferredEditor>
        <offlineEnabled>false</offlineEnabled>
    </rule>
    <roleMap public="true">
        <role inherit="true" allowForAll="false" name="readers">
            <users/>
            <groups/>
        </role>
        <role inherit="true" allowForAll="false" name="authors">
            <users/>
            <groups/>
        </role>
        <role inherit="true" allowForAll="false" name="administrators">
            <users/>
            <groups/>
        </role>
        <role inherit="false" allowForAll="false" name="denyReaders">
            <users/>
            <groups/>
        </role>
        <role inherit="false" allowForAll="false" name="denyAuthors">
            <users/>
            <groups/>
        </role>
        <role inherit="false" allowForAll="false" name="denyAdministrators">
            <users/>
            <groups/>
        </role>
    </roleMap>
    <history>
        <historyInfo versionUuid="_a-0000edf4-91d0-8000-9cdd-011c48011c48_2380660"/>
        <historyInfo versionUuid="_a-0000edf4-91d0-8000-9cdd-011c48011c48_2387586"/>
        <historyInfo versionUuid="_a-0000ee06-fefb-8000-9c6d-011c48011c48_6046241"/>
    </history>
</contentHaul>
