<?xml version="1.0" encoding="UTF-8" standalone="yes"?>
<contentHaul xmlns:a="http://www.appian.com/ae/types/2009">
    <versionUuid>_a-0000ee06-fefb-8000-9c6d-011c48011c48_6123956</versionUuid>
    <rule>
        <name>NM_getNoteSubContentForQuestionAndAnswer</name>
        <uuid>_a-0000ee06-fefb-8000-9c6d-011c48011c48_6123945</uuid>
        <description>Get Note sub content based on user ID for Q/A</description>
        <parentUuid>428e9706-99be-413a-980d-e9e41b616c08</parentUuid>
        <visibility>
            <advertise>false</advertise>
            <hierarchy>true</hierarchy>
            <indexable>true</indexable>
            <quota>false</quota>
            <searchable>true</searchable>
            <system>false</system>
            <unlogged>false</unlogged>
        </visibility>
        <definition>if(
  #"_a-0000edf4-91d0-8000-9cdd-011c48011c48_2387246"(ri!username),
  {},
  a!localVariables(
    local!notes: #"_a-0000edf4-91d0-8000-9cdd-011c48011c48_2372412"(
      username: ri!username,
      fields: {
        #"urn:appian:record-field:v1:c63eb646-a839-4d87-9050-0b8af446728a/c507f0aa-5991-4246-afc3-538c12dfe72c",
        #"urn:appian:record-field:v1:c63eb646-a839-4d87-9050-0b8af446728a/7a2fa401-ded5-44b9-a6a9-855e80ea4644"
      },
      isActive: 1
    ).data,
    local!data: if(
      #"_a-0000edf4-91d0-8000-9cdd-011c48011c48_2387246"(
        index(
          local!notes,
          #"urn:appian:record-field:v1:c63eb646-a839-4d87-9050-0b8af446728a/c507f0aa-5991-4246-afc3-538c12dfe72c",
          null
        )
      ),
      {},
      #"_a-0000edf4-91d0-8000-9cdd-011c48011c48_2372502"(
        noteId: local!notes[#"urn:appian:record-field:v1:c63eb646-a839-4d87-9050-0b8af446728a/c507f0aa-5991-4246-afc3-538c12dfe72c"],
        fields: {
          #"urn:appian:record-field:v1:a6d3991e-5d84-4730-9788-84904f4c68dc/35abac9c-bfb9-4563-89f1-4b19ae6e5e51",
          #"urn:appian:record-field:v1:a6d3991e-5d84-4730-9788-84904f4c68dc/185e6257-4938-4703-a7f7-9a33b4d94523"
        },
        isActive: true
      ).data
    ),
    #"SYSTEM_SYSRULES_toJson_v1"(
      #"SYSTEM_SYSRULES_forEach"(
        local!notes,
        {
          title: fv!item[#"urn:appian:record-field:v1:c63eb646-a839-4d87-9050-0b8af446728a/7a2fa401-ded5-44b9-a6a9-855e80ea4644"],
          notes: striphtml(
            joinarray(
              index(
                local!data[#"urn:appian:record-field:v1:a6d3991e-5d84-4730-9788-84904f4c68dc/35abac9c-bfb9-4563-89f1-4b19ae6e5e51"],
                wherecontains(
                  fv!item[#"urn:appian:record-field:v1:c63eb646-a839-4d87-9050-0b8af446728a/c507f0aa-5991-4246-afc3-538c12dfe72c"],
                  local!data[#"urn:appian:record-field:v1:a6d3991e-5d84-4730-9788-84904f4c68dc/185e6257-4938-4703-a7f7-9a33b4d94523"]
                ),
                null
              ),
              ""
            )
          )
        }
      )
    )
  )
)</definition>
        <namedTypedValue>
            <name>username</name>
            <type>
                <name>string</name>
                <namespace>http://www.w3.org/2001/XMLSchema</namespace>
            </type>
            <value/>
        </namedTypedValue>
        <preferredEditor>legacy</preferredEditor>
        <offlineEnabled>false</offlineEnabled>
    </rule>
    <roleMap public="true">
        <role inherit="true" allowForAll="false" name="readers">
            <users/>
            <groups/>
        </role>
        <role inherit="true" allowForAll="false" name="authors">
            <users/>
            <groups/>
        </role>
        <role inherit="true" allowForAll="false" name="administrators">
            <users/>
            <groups/>
        </role>
        <role inherit="false" allowForAll="false" name="denyReaders">
            <users/>
            <groups/>
        </role>
        <role inherit="false" allowForAll="false" name="denyAuthors">
            <users/>
            <groups/>
        </role>
        <role inherit="false" allowForAll="false" name="denyAdministrators">
            <users/>
            <groups/>
        </role>
    </roleMap>
    <history>
        <historyInfo versionUuid="_a-0000ee06-fefb-8000-9c6d-011c48011c48_6123956"/>
    </history>
</contentHaul>
