<?xml version="1.0" encoding="UTF-8" standalone="yes"?>
<contentHaul xmlns:a="http://www.appian.com/ae/types/2009">
    <versionUuid>_a-0000ee34-a985-8000-9c6f-011c48011c48_6314639</versionUuid>
    <rule>
        <name>NM_QR_getUserDetails</name>
        <uuid>_a-0000edf4-91d0-8000-9cdd-011c48011c48_2371767</uuid>
        <description></description>
        <parentUuid>428e9706-99be-413a-980d-e9e41b616c08</parentUuid>
        <visibility>
            <advertise>false</advertise>
            <hierarchy>true</hierarchy>
            <indexable>true</indexable>
            <quota>false</quota>
            <searchable>true</searchable>
            <system>false</system>
            <unlogged>false</unlogged>
        </visibility>
        <definition>#"SYSTEM_SYSRULES_queryRecordType_v2"(
  recordType: #"urn:appian:record-type:v1:71511ef6-5685-4f4d-8aac-f288feae9c06",
  fields: #"_a-0000edf4-91d0-8000-9cdd-011c48011c48_2387315"(
    nullableValue: ri!fields,
    replacementValue: {}
  ),
  filters: #"SYSTEM_SYSRULES_queryLogicalExpression"(
    operator: "AND",
    filters: {
      #"SYSTEM_SYSRULES_queryFilter"(
        field: #"urn:appian:record-field:v1:71511ef6-5685-4f4d-8aac-f288feae9c06/b090c0ae-38b4-4c35-ba14-bfe39fd91e0a",
        operator: "in",
        value: tointeger({ ri!id }),
        applyWhen: not(#"_a-0000edf4-91d0-8000-9cdd-011c48011c48_2387246"(ri!id))
      ),
      #"SYSTEM_SYSRULES_queryFilter"(
        field: #"urn:appian:record-field:v1:71511ef6-5685-4f4d-8aac-f288feae9c06/8b1d09f2-3f9d-4a82-98a0-6d3b0bfd3718",
        operator: "in",
        value: { touniformstring(ri!username) },
        applyWhen: not(
          #"_a-0000edf4-91d0-8000-9cdd-011c48011c48_2387246"(ri!username)
        )
      ),
      #"SYSTEM_SYSRULES_queryFilter"(
        field: #"urn:appian:record-field:v1:71511ef6-5685-4f4d-8aac-f288feae9c06/60a5ea3c-674c-4348-b7b2-3b053eccec10",
        operator: "in",
        value: { touniformstring(ri!email) },
        applyWhen: not(#"_a-0000edf4-91d0-8000-9cdd-011c48011c48_2387246"(ri!email))
      ),
      #"SYSTEM_SYSRULES_queryFilter"(
        field: #"urn:appian:record-field:v1:71511ef6-5685-4f4d-8aac-f288feae9c06/9f5205be-6e0e-48c6-937a-ffc57d85f932",
        operator: "in",
        value: { toboolean(ri!isActive) },
        applyWhen: not(
          #"_a-0000edf4-91d0-8000-9cdd-011c48011c48_2387246"(ri!isActive)
        )
      )
    }
  ),
  pagingInfo: #"_a-0000edf4-91d0-8000-9cdd-011c48011c48_2387315"(
    nullableValue: ri!pagingInfo,
    replacementValue: #"SYSTEM_SYSRULES_pagingInfo"(
      1,
      5000,
      #"SYSTEM_SYSRULES_sortInfo"(
        #"urn:appian:record-field:v1:71511ef6-5685-4f4d-8aac-f288feae9c06/b090c0ae-38b4-4c35-ba14-bfe39fd91e0a",
        true
      )
    )
  )
)</definition>
        <namedTypedValue>
            <name>id</name>
            <type>
                <name>Integer?list</name>
                <namespace>http://www.appian.com/ae/types/2009</namespace>
            </type>
        </namedTypedValue>
        <namedTypedValue>
            <name>username</name>
            <type>
                <name>Text?list</name>
                <namespace>http://www.appian.com/ae/types/2009</namespace>
            </type>
        </namedTypedValue>
        <namedTypedValue>
            <name>isActive</name>
            <type>
                <name>Boolean?list</name>
                <namespace>http://www.appian.com/ae/types/2009</namespace>
            </type>
        </namedTypedValue>
        <namedTypedValue>
            <name>pagingInfo</name>
            <type>
                <name>PagingInfo</name>
                <namespace>http://www.appian.com/ae/types/2009</namespace>
            </type>
        </namedTypedValue>
        <namedTypedValue>
            <name>fields</name>
            <type>
                <name>Variant</name>
                <namespace>http://www.appian.com/ae/types/2009</namespace>
            </type>
        </namedTypedValue>
        <namedTypedValue>
            <name>email</name>
            <type>
                <name>string</name>
                <namespace>http://www.w3.org/2001/XMLSchema</namespace>
            </type>
            <value/>
        </namedTypedValue>
        <preferredEditor>legacy</preferredEditor>
        <offlineEnabled>false</offlineEnabled>
    </rule>
    <roleMap public="true">
        <role inherit="true" allowForAll="false" name="readers">
            <users/>
            <groups/>
        </role>
        <role inherit="true" allowForAll="false" name="authors">
            <users/>
            <groups/>
        </role>
        <role inherit="true" allowForAll="false" name="administrators">
            <users/>
            <groups/>
        </role>
        <role inherit="false" allowForAll="false" name="denyReaders">
            <users/>
            <groups/>
        </role>
        <role inherit="false" allowForAll="false" name="denyAuthors">
            <users/>
            <groups/>
        </role>
        <role inherit="false" allowForAll="false" name="denyAdministrators">
            <users/>
            <groups/>
        </role>
    </roleMap>
    <history>
        <historyInfo versionUuid="_a-0000edf4-91d0-8000-9cdd-011c48011c48_2371905"/>
        <historyInfo versionUuid="_a-0000edf4-91d0-8000-9cdd-011c48011c48_2387334"/>
        <historyInfo versionUuid="_a-0000edf4-91d0-8000-9cdd-011c48011c48_2387668"/>
        <historyInfo versionUuid="_a-0000ee34-a985-8000-9c6f-011c48011c48_6314639"/>
    </history>
</contentHaul>
