<?xml version="1.0" encoding="UTF-8" standalone="yes"?>
<contentHaul xmlns:a="http://www.appian.com/ae/types/2009">
    <versionUuid>_a-0000ee06-fefb-8000-9c6d-011c48011c48_6124004</versionUuid>
    <rule>
        <name>NM_QR_getQuestionAndAnswerDetails</name>
        <uuid>_a-0000ee06-fefb-8000-9c6d-011c48011c48_6123985</uuid>
        <description></description>
        <parentUuid>428e9706-99be-413a-980d-e9e41b616c08</parentUuid>
        <visibility>
            <advertise>false</advertise>
            <hierarchy>true</hierarchy>
            <indexable>true</indexable>
            <quota>false</quota>
            <searchable>true</searchable>
            <system>false</system>
            <unlogged>false</unlogged>
        </visibility>
        <definition>#"SYSTEM_SYSRULES_queryRecordType_v2"(
  recordType: #"urn:appian:record-type:v1:588418e8-896b-42a0-9948-b8099f211025",
  fields: #"_a-0000edf4-91d0-8000-9cdd-011c48011c48_2387315"(
    nullableValue: ri!fields,
    replacementValue: {}
  ),
  filters: #"SYSTEM_SYSRULES_queryLogicalExpression"(
    operator: "AND",
    filters: {
      #"SYSTEM_SYSRULES_queryFilter"(
        field: #"urn:appian:record-field:v1:588418e8-896b-42a0-9948-b8099f211025/40d60006-d51e-4c2b-aefa-2a7227f2127b",
        operator: "in",
        value: tointeger({ ri!id }),
        applyWhen: not(#"_a-0000edf4-91d0-8000-9cdd-011c48011c48_2387246"(ri!id))
      ),
      #"SYSTEM_SYSRULES_queryFilter"(
        field: #"urn:appian:record-field:v1:588418e8-896b-42a0-9948-b8099f211025/0f7ce760-0e33-450a-a92d-27b8d4fa60c8",
        operator: "in",
        value: { tointeger(ri!userId) },
        applyWhen: not(#"_a-0000edf4-91d0-8000-9cdd-011c48011c48_2387246"(ri!userId))
      ),
      #"SYSTEM_SYSRULES_queryFilter"(
        field: #"urn:appian:record-field:v1:588418e8-896b-42a0-9948-b8099f211025/73c47f01-dcf8-4d67-a7ca-b18bda9c8a6b",
        operator: "in",
        value: { toboolean(ri!isActive) },
        applyWhen: not(
          #"_a-0000edf4-91d0-8000-9cdd-011c48011c48_2387246"(ri!isActive)
        )
      )
    }
  ),
  pagingInfo: #"_a-0000edf4-91d0-8000-9cdd-011c48011c48_2387315"(
    nullableValue: ri!pagingInfo,
    replacementValue: #"SYSTEM_SYSRULES_pagingInfo"(
      1,
      5000,
      #"SYSTEM_SYSRULES_sortInfo"(
        #"urn:appian:record-field:v1:588418e8-896b-42a0-9948-b8099f211025/40d60006-d51e-4c2b-aefa-2a7227f2127b",
        true
      )
    )
  )
)</definition>
        <namedTypedValue>
            <name>id</name>
            <type>
                <name>Integer?list</name>
                <namespace>http://www.appian.com/ae/types/2009</namespace>
            </type>
        </namedTypedValue>
        <namedTypedValue>
            <name>userId</name>
            <type>
                <name>Integer?list</name>
                <namespace>http://www.appian.com/ae/types/2009</namespace>
            </type>
        </namedTypedValue>
        <namedTypedValue>
            <name>isActive</name>
            <type>
                <name>Boolean?list</name>
                <namespace>http://www.appian.com/ae/types/2009</namespace>
            </type>
        </namedTypedValue>
        <namedTypedValue>
            <name>pagingInfo</name>
            <type>
                <name>PagingInfo</name>
                <namespace>http://www.appian.com/ae/types/2009</namespace>
            </type>
        </namedTypedValue>
        <namedTypedValue>
            <name>fields</name>
            <type>
                <name>Variant</name>
                <namespace>http://www.appian.com/ae/types/2009</namespace>
            </type>
        </namedTypedValue>
        <preferredEditor>legacy</preferredEditor>
        <offlineEnabled>false</offlineEnabled>
    </rule>
    <roleMap public="true">
        <role inherit="true" allowForAll="false" name="readers">
            <users/>
            <groups/>
        </role>
        <role inherit="true" allowForAll="false" name="authors">
            <users/>
            <groups/>
        </role>
        <role inherit="true" allowForAll="false" name="administrators">
            <users/>
            <groups/>
        </role>
        <role inherit="false" allowForAll="false" name="denyReaders">
            <users/>
            <groups/>
        </role>
        <role inherit="false" allowForAll="false" name="denyAuthors">
            <users/>
            <groups/>
        </role>
        <role inherit="false" allowForAll="false" name="denyAdministrators">
            <users/>
            <groups/>
        </role>
    </roleMap>
    <history>
        <historyInfo versionUuid="_a-0000ee06-fefb-8000-9c6d-011c48011c48_6124004"/>
    </history>
</contentHaul>
