<?xml version="1.0" encoding="UTF-8" standalone="yes"?>
<contentHaul xmlns:a="http://www.appian.com/ae/types/2009">
    <versionUuid>_a-0000ee34-a985-8000-9c6f-011c48011c48_6301109</versionUuid>
    <rule>
        <name>NM_constructNotesForGetNotesResponse</name>
        <uuid>_a-0000edf4-91d0-8000-9cdd-011c48011c48_2372468</uuid>
        <description></description>
        <parentUuid>428e9706-99be-413a-980d-e9e41b616c08</parentUuid>
        <visibility>
            <advertise>false</advertise>
            <hierarchy>true</hierarchy>
            <indexable>true</indexable>
            <quota>false</quota>
            <searchable>true</searchable>
            <system>false</system>
            <unlogged>false</unlogged>
        </visibility>
        <definition>a!localVariables(
  local!data: #"_a-0000edf4-91d0-8000-9cdd-011c48011c48_2372412"(
    id: index(ri!queryParameters, "id", null),
    username: index(ri!queryParameters, "username", null),
    userId: index(ri!queryParameters, "userId", null),
    isActive: index(ri!queryParameters, "isActive", null),
    fetchTotalCount: toboolean(
      index(
        ri!queryParameters,
        "fetchTotalCount",
        null
      )
    ) = true,
    pagingInfo: #"SYSTEM_SYSRULES_pagingInfo"(
      startIndex: #"_a-0000edf4-91d0-8000-9cdd-011c48011c48_2387315"(
        nullableValue: index(ri!queryParameters, "startIndex", null),
        replacementValue: 1
      ),
      batchSize: #"_a-0000edf4-91d0-8000-9cdd-011c48011c48_2387315"(
        nullableValue: index(ri!queryParameters, "batchSize", null),
        replacementValue: 5000
      ),
      sort: #"SYSTEM_SYSRULES_sortInfo"(
        #"urn:appian:record-field:v1:c63eb646-a839-4d87-9050-0b8af446728a/c507f0aa-5991-4246-afc3-538c12dfe72c",
        false
      )
    )
  ),
  a!flatten(
    #"SYSTEM_SYSRULES_forEach"(
      local!data.data,
      'type!{urn:com:appian:types:PM}PM_TemporaryNotes'(
        id: index(
          fv!item,
          #"urn:appian:record-field:v1:c63eb646-a839-4d87-9050-0b8af446728a/c507f0aa-5991-4246-afc3-538c12dfe72c",
          null
        ),
        username: index(
          fv!item,
          #"urn:appian:record-field:v1:c63eb646-a839-4d87-9050-0b8af446728a/d67c3536-7908-4e39-9f90-0e6556b65bac",
          null
        ),
        title: index(
          fv!item,
          #"urn:appian:record-field:v1:c63eb646-a839-4d87-9050-0b8af446728a/7a2fa401-ded5-44b9-a6a9-855e80ea4644",
          null
        ),
        category: index(
          fv!item,
          #"urn:appian:record-field:v1:c63eb646-a839-4d87-9050-0b8af446728a/2ed42a32-dc98-4029-ac04-ac925034ecc6",
          null
        ),
        summary: index(
          fv!item,
          #"urn:appian:record-field:v1:c63eb646-a839-4d87-9050-0b8af446728a/096b9d38-c3bf-4980-a1dd-200342642fd5",
          null
        ),
        isActive: index(
          fv!item,
          #"urn:appian:record-field:v1:c63eb646-a839-4d87-9050-0b8af446728a/51bf8652-0621-46e6-bce0-838563d16cce",
          null
        ),
        modifiedOn: index(
          fv!item,
          #"urn:appian:record-field:v1:c63eb646-a839-4d87-9050-0b8af446728a/b6b317ba-294e-4f5e-b322-e2224960a072",
          null
        ),
        totalCount: index(local!data, "totalCount", null)
      )
    )
  )
)</definition>
        <namedTypedValue>
            <name>queryParameters</name>
            <type>
                <name>Variant</name>
                <namespace>http://www.appian.com/ae/types/2009</namespace>
            </type>
        </namedTypedValue>
        <preferredEditor>legacy</preferredEditor>
        <offlineEnabled>false</offlineEnabled>
    </rule>
    <roleMap public="true">
        <role inherit="true" allowForAll="false" name="readers">
            <users/>
            <groups/>
        </role>
        <role inherit="true" allowForAll="false" name="authors">
            <users/>
            <groups/>
        </role>
        <role inherit="true" allowForAll="false" name="administrators">
            <users/>
            <groups/>
        </role>
        <role inherit="false" allowForAll="false" name="denyReaders">
            <users/>
            <groups/>
        </role>
        <role inherit="false" allowForAll="false" name="denyAuthors">
            <users/>
            <groups/>
        </role>
        <role inherit="false" allowForAll="false" name="denyAdministrators">
            <users/>
            <groups/>
        </role>
    </roleMap>
    <history>
        <historyInfo versionUuid="_a-0000edf4-91d0-8000-9cdd-011c48011c48_2382603"/>
        <historyInfo versionUuid="_a-0000edf4-91d0-8000-9cdd-011c48011c48_2387592"/>
        <historyInfo versionUuid="_a-0000ee34-a985-8000-9c6f-011c48011c48_6301109"/>
    </history>
</contentHaul>
