<?xml version="1.0" encoding="UTF-8" standalone="yes"?>
<contentHaul xmlns:a="http://www.appian.com/ae/types/2009">
    <versionUuid>_a-0000ee34-a985-8000-9c6f-011c48011c48_6285924</versionUuid>
    <rule>
        <name>NM_QR_getNotesDetails</name>
        <uuid>_a-0000edf4-91d0-8000-9cdd-011c48011c48_2372412</uuid>
        <description></description>
        <parentUuid>428e9706-99be-413a-980d-e9e41b616c08</parentUuid>
        <visibility>
            <advertise>false</advertise>
            <hierarchy>true</hierarchy>
            <indexable>true</indexable>
            <quota>false</quota>
            <searchable>true</searchable>
            <system>false</system>
            <unlogged>false</unlogged>
        </visibility>
        <definition>#"SYSTEM_SYSRULES_queryRecordType_v2"(
  recordType: #"urn:appian:record-type:v1:c63eb646-a839-4d87-9050-0b8af446728a",
  fields: #"_a-0000edf4-91d0-8000-9cdd-011c48011c48_2387315"(
    nullableValue: ri!fields,
    replacementValue: {}
  ),
  filters: #"SYSTEM_SYSRULES_queryLogicalExpression"(
    operator: "AND",
    filters: {
      #"SYSTEM_SYSRULES_queryFilter"(
        field: #"urn:appian:record-field:v1:c63eb646-a839-4d87-9050-0b8af446728a/c507f0aa-5991-4246-afc3-538c12dfe72c",
        operator: "in",
        value: tointeger({ ri!id }),
        applyWhen: not(#"_a-0000edf4-91d0-8000-9cdd-011c48011c48_2387246"(ri!id))
      ),
      #"SYSTEM_SYSRULES_queryFilter"(
        field: #"urn:appian:record-field:v1:c63eb646-a839-4d87-9050-0b8af446728a/136231f3-51c6-4a90-bf4e-217e0d3b6c87",
        operator: "in",
        value: { tointeger(ri!userId) },
        applyWhen: not(#"_a-0000edf4-91d0-8000-9cdd-011c48011c48_2387246"(ri!userId))
      ),
      #"SYSTEM_SYSRULES_queryFilter"(
        field: #"urn:appian:record-field:v1:c63eb646-a839-4d87-9050-0b8af446728a/d67c3536-7908-4e39-9f90-0e6556b65bac",
        operator: "in",
        value: { touniformstring(ri!username) },
        applyWhen: not(
          #"_a-0000edf4-91d0-8000-9cdd-011c48011c48_2387246"(ri!username)
        )
      ),
      #"SYSTEM_SYSRULES_queryFilter"(
        field: #"urn:appian:record-field:v1:c63eb646-a839-4d87-9050-0b8af446728a/2ed42a32-dc98-4029-ac04-ac925034ecc6",
        operator: "in",
        value: { touniformstring(ri!category) },
        applyWhen: not(
          #"_a-0000edf4-91d0-8000-9cdd-011c48011c48_2387246"(ri!category)
        )
      ),
      #"SYSTEM_SYSRULES_queryFilter"(
        field: #"urn:appian:record-field:v1:c63eb646-a839-4d87-9050-0b8af446728a/096b9d38-c3bf-4980-a1dd-200342642fd5",
        operator: "in",
        value: { touniformstring(ri!summary) },
        applyWhen: not(#"_a-0000edf4-91d0-8000-9cdd-011c48011c48_2387246"(ri!summary))
      ),
      #"SYSTEM_SYSRULES_queryFilter"(
        field: #"urn:appian:record-field:v1:c63eb646-a839-4d87-9050-0b8af446728a/51bf8652-0621-46e6-bce0-838563d16cce",
        operator: "in",
        value: { toboolean(ri!isActive) },
        applyWhen: not(
          #"_a-0000edf4-91d0-8000-9cdd-011c48011c48_2387246"(ri!isActive)
        )
      )
    }
  ),
  fetchTotalCount: ri!fetchTotalCount = true,
  pagingInfo: #"_a-0000edf4-91d0-8000-9cdd-011c48011c48_2387315"(
    nullableValue: ri!pagingInfo,
    replacementValue: #"SYSTEM_SYSRULES_pagingInfo"(
      1,
      5000,
      #"SYSTEM_SYSRULES_sortInfo"(
        #"urn:appian:record-field:v1:c63eb646-a839-4d87-9050-0b8af446728a/c507f0aa-5991-4246-afc3-538c12dfe72c",
        false
      )
    )
  )
)</definition>
        <namedTypedValue>
            <name>id</name>
            <type>
                <name>Integer?list</name>
                <namespace>http://www.appian.com/ae/types/2009</namespace>
            </type>
        </namedTypedValue>
        <namedTypedValue>
            <name>username</name>
            <type>
                <name>Text?list</name>
                <namespace>http://www.appian.com/ae/types/2009</namespace>
            </type>
        </namedTypedValue>
        <namedTypedValue>
            <name>isActive</name>
            <type>
                <name>Boolean?list</name>
                <namespace>http://www.appian.com/ae/types/2009</namespace>
            </type>
        </namedTypedValue>
        <namedTypedValue>
            <name>pagingInfo</name>
            <type>
                <name>PagingInfo</name>
                <namespace>http://www.appian.com/ae/types/2009</namespace>
            </type>
        </namedTypedValue>
        <namedTypedValue>
            <name>fields</name>
            <type>
                <name>Variant</name>
                <namespace>http://www.appian.com/ae/types/2009</namespace>
            </type>
        </namedTypedValue>
        <namedTypedValue>
            <name>userId</name>
            <type>
                <name>Integer?list</name>
                <namespace>http://www.appian.com/ae/types/2009</namespace>
            </type>
        </namedTypedValue>
        <namedTypedValue>
            <name>category</name>
            <type>
                <name>Text?list</name>
                <namespace>http://www.appian.com/ae/types/2009</namespace>
            </type>
        </namedTypedValue>
        <namedTypedValue>
            <name>summary</name>
            <type>
                <name>Text?list</name>
                <namespace>http://www.appian.com/ae/types/2009</namespace>
            </type>
        </namedTypedValue>
        <namedTypedValue>
            <name>fetchTotalCount</name>
            <type>
                <name>boolean</name>
                <namespace>http://www.w3.org/2001/XMLSchema</namespace>
            </type>
        </namedTypedValue>
        <preferredEditor>legacy</preferredEditor>
        <offlineEnabled>false</offlineEnabled>
    </rule>
    <roleMap public="true">
        <role inherit="true" allowForAll="false" name="readers">
            <users/>
            <groups/>
        </role>
        <role inherit="true" allowForAll="false" name="authors">
            <users/>
            <groups/>
        </role>
        <role inherit="true" allowForAll="false" name="administrators">
            <users/>
            <groups/>
        </role>
        <role inherit="false" allowForAll="false" name="denyReaders">
            <users/>
            <groups/>
        </role>
        <role inherit="false" allowForAll="false" name="denyAuthors">
            <users/>
            <groups/>
        </role>
        <role inherit="false" allowForAll="false" name="denyAdministrators">
            <users/>
            <groups/>
        </role>
    </roleMap>
    <history>
        <historyInfo versionUuid="_a-0000edf4-91d0-8000-9cdd-011c48011c48_2372893"/>
        <historyInfo versionUuid="_a-0000edf4-91d0-8000-9cdd-011c48011c48_2387352"/>
        <historyInfo versionUuid="_a-0000edf4-91d0-8000-9cdd-011c48011c48_2387683"/>
        <historyInfo versionUuid="_a-0000ee34-a985-8000-9c6f-011c48011c48_6285924"/>
    </history>
</contentHaul>
