<?xml version="1.0" encoding="UTF-8" standalone="yes"?>
<contentHaul xmlns:a="http://www.appian.com/ae/types/2009">
    <versionUuid>_a-0000ee06-fefb-8000-9c6d-011c48011c48_6123918</versionUuid>
    <rule>
        <name>NM_replaceNull</name>
        <uuid>_a-0000edf4-91d0-8000-9cdd-011c48011c48_2387315</uuid>
        <description>Rule to replace NULL</description>
        <parentUuid>428e9706-99be-413a-980d-e9e41b616c08</parentUuid>
        <visibility>
            <advertise>false</advertise>
            <hierarchy>true</hierarchy>
            <indexable>true</indexable>
            <quota>false</quota>
            <searchable>true</searchable>
            <system>false</system>
            <unlogged>false</unlogged>
        </visibility>
        <definition>if(
  #"_a-0000edf4-91d0-8000-9cdd-011c48011c48_2387246"(ri!nullableValue),
  ri!replacementValue,
  ri!nullableValue
)</definition>
        <namedTypedValue>
            <name>nullableValue</name>
            <type>
                <name>Variant</name>
                <namespace>http://www.appian.com/ae/types/2009</namespace>
            </type>
        </namedTypedValue>
        <namedTypedValue>
            <name>replacementValue</name>
            <type>
                <name>Variant</name>
                <namespace>http://www.appian.com/ae/types/2009</namespace>
            </type>
        </namedTypedValue>
        <preferredEditor>legacy</preferredEditor>
        <offlineEnabled>false</offlineEnabled>
    </rule>
    <roleMap public="true">
        <role inherit="true" allowForAll="false" name="readers">
            <users/>
            <groups/>
        </role>
        <role inherit="true" allowForAll="false" name="authors">
            <users/>
            <groups/>
        </role>
        <role inherit="true" allowForAll="false" name="administrators">
            <users/>
            <groups/>
        </role>
        <role inherit="false" allowForAll="false" name="denyReaders">
            <users/>
            <groups/>
        </role>
        <role inherit="false" allowForAll="false" name="denyAuthors">
            <users/>
            <groups/>
        </role>
        <role inherit="false" allowForAll="false" name="denyAdministrators">
            <users/>
            <groups/>
        </role>
    </roleMap>
    <history>
        <historyInfo versionUuid="_a-0000edf4-91d0-8000-9cdd-011c48011c48_2387361"/>
        <historyInfo versionUuid="_a-0000edf4-91d0-8000-9cdd-011c48011c48_2387640"/>
        <historyInfo versionUuid="_a-0000ee06-fefb-8000-9c6d-011c48011c48_6123918"/>
    </history>
</contentHaul>
