<?xml version="1.0" encoding="UTF-8" standalone="yes"?>
<contentHaul xmlns:a="http://www.appian.com/ae/types/2009">
    <versionUuid>_a-0000ee06-fefb-8000-9c6d-011c48011c48_6124038</versionUuid>
    <rule>
        <name>NM_generatePromptFromSubContentAndQuestion</name>
        <uuid>_a-0000ee06-fefb-8000-9c6d-011c48011c48_6123957</uuid>
        <description></description>
        <parentUuid>428e9706-99be-413a-980d-e9e41b616c08</parentUuid>
        <visibility>
            <advertise>false</advertise>
            <hierarchy>true</hierarchy>
            <indexable>true</indexable>
            <quota>false</quota>
            <searchable>true</searchable>
            <system>false</system>
            <unlogged>false</unlogged>
        </visibility>
        <definition>a!localVariables(
  local!previousQuestions: if(
    #"_a-0000edf4-91d0-8000-9cdd-011c48011c48_2387246"(ri!userId),
    {},
    #"_a-0000ee06-fefb-8000-9c6d-011c48011c48_6123985"(
      userId: ri!userId,
      fields: {
        #"urn:appian:record-field:v1:588418e8-896b-42a0-9948-b8099f211025/8c10ddea-7828-4e89-8333-0ab219f4873f",
        #"urn:appian:record-field:v1:588418e8-896b-42a0-9948-b8099f211025/ab723020-5cd2-455d-b5a2-c2aa28554136"
      },
      isActive: true,
      pagingInfo: #"SYSTEM_SYSRULES_pagingInfo"(
        1,
        35,
        #"SYSTEM_SYSRULES_sortInfo"(
          #"urn:appian:record-field:v1:588418e8-896b-42a0-9948-b8099f211025/40d60006-d51e-4c2b-aefa-2a7227f2127b",
          true
        )
      )
    ).data
  ),
  local!previousQuestionsAndAnswers: if(
    #"_a-0000edf4-91d0-8000-9cdd-011c48011c48_2387246"(local!previousQuestions),
    "[]",
    #"SYSTEM_SYSRULES_toJson_v1"(local!previousQuestions)
  ),
  concat(
    "Dataset: ",
    char(10),
    ri!subContent,
    repeat(2, char(10)),
    "Previous_QA: ",
    char(10),
    local!previousQuestionsAndAnswers,
    repeat(2, char(10)),
    "Current_Question: ",
    char(10),
    ri!question
  )
)</definition>
        <namedTypedValue>
            <name>subContent</name>
            <type>
                <name>string</name>
                <namespace>http://www.w3.org/2001/XMLSchema</namespace>
            </type>
            <value/>
        </namedTypedValue>
        <namedTypedValue>
            <name>question</name>
            <type>
                <name>string</name>
                <namespace>http://www.w3.org/2001/XMLSchema</namespace>
            </type>
            <value/>
        </namedTypedValue>
        <namedTypedValue>
            <name>userId</name>
            <type>
                <name>int</name>
                <namespace>http://www.w3.org/2001/XMLSchema</namespace>
            </type>
        </namedTypedValue>
        <preferredEditor>legacy</preferredEditor>
        <offlineEnabled>false</offlineEnabled>
    </rule>
    <roleMap public="true">
        <role inherit="true" allowForAll="false" name="readers">
            <users/>
            <groups/>
        </role>
        <role inherit="true" allowForAll="false" name="authors">
            <users/>
            <groups/>
        </role>
        <role inherit="true" allowForAll="false" name="administrators">
            <users/>
            <groups/>
        </role>
        <role inherit="false" allowForAll="false" name="denyReaders">
            <users/>
            <groups/>
        </role>
        <role inherit="false" allowForAll="false" name="denyAuthors">
            <users/>
            <groups/>
        </role>
        <role inherit="false" allowForAll="false" name="denyAdministrators">
            <users/>
            <groups/>
        </role>
    </roleMap>
    <history>
        <historyInfo versionUuid="_a-0000ee06-fefb-8000-9c6d-011c48011c48_6124038"/>
    </history>
</contentHaul>
