<?xml version="1.0" encoding="UTF-8" standalone="yes"?>
<contentHaul xmlns:a="http://www.appian.com/ae/types/2009">
    <versionUuid>_a-0000ee34-a985-8000-9c6f-011c48011c48_6302845</versionUuid>
    <constant>
        <name>NM_ALL_PROCESS_MODELS</name>
        <uuid>_a-0000edf4-91d0-8000-9cdd-011c48011c48_2372329</uuid>
        <description>1. NM Construct and Update Notes 
2. NM Write Note Via Upload Document 
3. NM Chat Session 
4. NM Generate PDF from Note </description>
        <parentUuid>428e9706-99be-413a-980d-e9e41b616c08</parentUuid>
        <visibility>
            <advertise>false</advertise>
            <hierarchy>true</hierarchy>
            <indexable>true</indexable>
            <quota>false</quota>
            <searchable>true</searchable>
            <system>false</system>
            <unlogged>false</unlogged>
        </visibility>
        <typedValue>
            <type>
                <name>ProcessModel?list</name>
                <namespace>http://www.appian.com/ae/types/2009</namespace>
            </type>
            <value>
                <el>0002edff-9329-8000-b12c-7f0000014e7a</el>
                <el>0002ee0f-3124-8000-b236-7f0000014e7a</el>
                <el>0002ee26-31c7-8000-882f-7f0000014e7a</el>
                <el>0002ee51-0fed-8000-91c9-7f0000014e7a</el>
            </value>
        </typedValue>
        <isEnvironmentSpecific>false</isEnvironmentSpecific>
    </constant>
    <roleMap public="true">
        <role inherit="true" allowForAll="false" name="readers">
            <users/>
            <groups/>
        </role>
        <role inherit="true" allowForAll="false" name="authors">
            <users/>
            <groups/>
        </role>
        <role inherit="true" allowForAll="false" name="administrators">
            <users/>
            <groups/>
        </role>
        <role inherit="false" allowForAll="false" name="denyReaders">
            <users/>
            <groups/>
        </role>
        <role inherit="false" allowForAll="false" name="denyAuthors">
            <users/>
            <groups/>
        </role>
        <role inherit="false" allowForAll="false" name="denyAdministrators">
            <users/>
            <groups/>
        </role>
    </roleMap>
    <history>
        <historyInfo versionUuid="_a-0000edf4-91d0-8000-9cdd-011c48011c48_2385056"/>
        <historyInfo versionUuid="_a-0000edf4-91d0-8000-9cdd-011c48011c48_2387602"/>
        <historyInfo versionUuid="_a-0000ee34-a985-8000-9c6f-011c48011c48_6302845"/>
    </history>
</contentHaul>
