<?xml version="1.0" encoding="UTF-8" standalone="yes"?>
<contentHaul xmlns:a="http://www.appian.com/ae/types/2009">
    <versionUuid>_a-0000ee06-fefb-8000-9c6d-011c48011c48_6046253</versionUuid>
    <rule>
        <name>NM_QR_getNotesSubContentDetails</name>
        <uuid>_a-0000edf4-91d0-8000-9cdd-011c48011c48_2372502</uuid>
        <description></description>
        <parentUuid>428e9706-99be-413a-980d-e9e41b616c08</parentUuid>
        <visibility>
            <advertise>false</advertise>
            <hierarchy>true</hierarchy>
            <indexable>true</indexable>
            <quota>false</quota>
            <searchable>true</searchable>
            <system>false</system>
            <unlogged>false</unlogged>
        </visibility>
        <definition>#"SYSTEM_SYSRULES_queryRecordType_v2"(
  recordType: #"urn:appian:record-type:v1:a6d3991e-5d84-4730-9788-84904f4c68dc",
  fields: #"_a-0000edf4-91d0-8000-9cdd-011c48011c48_2387315"(
    nullableValue: ri!fields,
    replacementValue: {}
  ),
  fetchTotalCount: ri!fetchTotalCount = true,
  filters: #"SYSTEM_SYSRULES_queryLogicalExpression"(
    operator: "AND",
    filters: {
      #"SYSTEM_SYSRULES_queryFilter"(
        field: #"urn:appian:record-field:v1:a6d3991e-5d84-4730-9788-84904f4c68dc/8d7ce732-cf06-4e33-9188-0a2851004f27",
        operator: "in",
        value: tointeger({ ri!id }),
        applyWhen: not(#"_a-0000edf4-91d0-8000-9cdd-011c48011c48_2387246"(ri!id))
      ),
      #"SYSTEM_SYSRULES_queryFilter"(
        field: #"urn:appian:record-field:v1:a6d3991e-5d84-4730-9788-84904f4c68dc/185e6257-4938-4703-a7f7-9a33b4d94523",
        operator: "in",
        value: { tointeger(ri!noteId) },
        applyWhen: not(#"_a-0000edf4-91d0-8000-9cdd-011c48011c48_2387246"(ri!noteId))
      ),
      #"SYSTEM_SYSRULES_queryFilter"(
        field: #"urn:appian:record-field:v1:a6d3991e-5d84-4730-9788-84904f4c68dc/18d010c7-6656-40d6-9cf1-91fbedf05716",
        operator: "in",
        value: { toboolean(ri!isActive) },
        applyWhen: not(
          #"_a-0000edf4-91d0-8000-9cdd-011c48011c48_2387246"(ri!isActive)
        )
      )
    }
  ),
  pagingInfo: #"_a-0000edf4-91d0-8000-9cdd-011c48011c48_2387315"(
    nullableValue: ri!pagingInfo,
    replacementValue: #"SYSTEM_SYSRULES_pagingInfo"(
      1,
      5000,
      #"SYSTEM_SYSRULES_sortInfo"(
        #"urn:appian:record-field:v1:a6d3991e-5d84-4730-9788-84904f4c68dc/8d7ce732-cf06-4e33-9188-0a2851004f27",
        true
      )
    )
  )
)</definition>
        <namedTypedValue>
            <name>id</name>
            <type>
                <name>Integer?list</name>
                <namespace>http://www.appian.com/ae/types/2009</namespace>
            </type>
        </namedTypedValue>
        <namedTypedValue>
            <name>isActive</name>
            <type>
                <name>Boolean?list</name>
                <namespace>http://www.appian.com/ae/types/2009</namespace>
            </type>
        </namedTypedValue>
        <namedTypedValue>
            <name>pagingInfo</name>
            <type>
                <name>PagingInfo</name>
                <namespace>http://www.appian.com/ae/types/2009</namespace>
            </type>
        </namedTypedValue>
        <namedTypedValue>
            <name>fields</name>
            <type>
                <name>Variant</name>
                <namespace>http://www.appian.com/ae/types/2009</namespace>
            </type>
        </namedTypedValue>
        <namedTypedValue>
            <name>noteId</name>
            <type>
                <name>Integer?list</name>
                <namespace>http://www.appian.com/ae/types/2009</namespace>
            </type>
        </namedTypedValue>
        <namedTypedValue>
            <name>fetchTotalCount</name>
            <type>
                <name>boolean</name>
                <namespace>http://www.w3.org/2001/XMLSchema</namespace>
            </type>
        </namedTypedValue>
        <preferredEditor>legacy</preferredEditor>
        <offlineEnabled>false</offlineEnabled>
    </rule>
    <roleMap public="true">
        <role inherit="true" allowForAll="false" name="readers">
            <users/>
            <groups/>
        </role>
        <role inherit="true" allowForAll="false" name="authors">
            <users/>
            <groups/>
        </role>
        <role inherit="true" allowForAll="false" name="administrators">
            <users/>
            <groups/>
        </role>
        <role inherit="false" allowForAll="false" name="denyReaders">
            <users/>
            <groups/>
        </role>
        <role inherit="false" allowForAll="false" name="denyAuthors">
            <users/>
            <groups/>
        </role>
        <role inherit="false" allowForAll="false" name="denyAdministrators">
            <users/>
            <groups/>
        </role>
    </roleMap>
    <history>
        <historyInfo versionUuid="_a-0000edf4-91d0-8000-9cdd-011c48011c48_2372845"/>
        <historyInfo versionUuid="_a-0000edf4-91d0-8000-9cdd-011c48011c48_2387343"/>
        <historyInfo versionUuid="_a-0000edf4-91d0-8000-9cdd-011c48011c48_2387655"/>
        <historyInfo versionUuid="_a-0000ee06-fefb-8000-9c6d-011c48011c48_6046253"/>
    </history>
</contentHaul>
