<?xml version="1.0" encoding="UTF-8"?>
<recordTypeHaul xmlns:a="http://www.appian.com/ae/types/2009" xmlns:xsi="http://www.w3.org/2001/XMLSchema-instance">
  <versionUuid>ef24e769-a602-4832-a51f-26a55f9cadc7</versionUuid>
  <recordType a:uuid="588418e8-896b-42a0-9948-b8099f211025" name="NM Chat Data">
    <a:pluralName>Chat Data</a:pluralName>
    <a:description/>
    <a:urlStub>clb4tw</a:urlStub>
    <a:source xsi:type="a:RecordsReplica"/>
    <a:listViewTemplateExpr>#"SYSTEM_SYSRULES_recordGridField"(
  columns: {
    #"SYSTEM_SYSRULES_gridColumn"(
      label: "Id",
      sortField: 'recordType!{588418e8-896b-42a0-9948-b8099f211025}NM Chat Data.fields.{40d60006-d51e-4c2b-aefa-2a7227f2127b}id',
      value: #"SYSTEM_SYSRULES_richTextDisplayField"(
        value: {
          #"SYSTEM_SYSRULES_richTextItem_v1"(
            text: if(
              fv!row['recordType!{588418e8-896b-42a0-9948-b8099f211025}NM Chat Data.fields.{40d60006-d51e-4c2b-aefa-2a7227f2127b}id'] &lt; 100000,
              text(
                fv!row['recordType!{588418e8-896b-42a0-9948-b8099f211025}NM Chat Data.fields.{40d60006-d51e-4c2b-aefa-2a7227f2127b}id'],
                "#00000"
              ),
              fv!row['recordType!{588418e8-896b-42a0-9948-b8099f211025}NM Chat Data.fields.{40d60006-d51e-4c2b-aefa-2a7227f2127b}id']
            ),
            link: #"SYSTEM_SYSRULES_recordLink"(
              recordType: #"urn:appian:record-type:v1:588418e8-896b-42a0-9948-b8099f211025",
              identifier: fv!identifier
            ),
            linkStyle: "STANDALONE"
          )
        }
      )
    ),
    #"SYSTEM_SYSRULES_gridColumn"(
      label: "User Id",
      sortField: 'recordType!{588418e8-896b-42a0-9948-b8099f211025}NM Chat Data.fields.{0f7ce760-0e33-450a-a92d-27b8d4fa60c8}userId',
      value: a!defaultValue(fv!row['recordType!{588418e8-896b-42a0-9948-b8099f211025}NM Chat Data.fields.{0f7ce760-0e33-450a-a92d-27b8d4fa60c8}userId'], "–"),
      align: "END"
    ),
    #"SYSTEM_SYSRULES_gridColumn"(
      label: "Created By",
      sortField: 'recordType!{588418e8-896b-42a0-9948-b8099f211025}NM Chat Data.fields.{aa2f8b1e-17a1-41cb-a99b-f9df648e4deb}createdBy',
      value: a!defaultValue(fv!row['recordType!{588418e8-896b-42a0-9948-b8099f211025}NM Chat Data.fields.{aa2f8b1e-17a1-41cb-a99b-f9df648e4deb}createdBy'], "–")
    ),
    #"SYSTEM_SYSRULES_gridColumn"(
      label: "Created On",
      sortField: 'recordType!{588418e8-896b-42a0-9948-b8099f211025}NM Chat Data.fields.{c72c59b0-9596-4a33-8f8d-3a2088b9b9f0}createdOn',
      value: if(
        isnull(fv!row['recordType!{588418e8-896b-42a0-9948-b8099f211025}NM Chat Data.fields.{c72c59b0-9596-4a33-8f8d-3a2088b9b9f0}createdOn']),
        "–",
        datetext(fv!row['recordType!{588418e8-896b-42a0-9948-b8099f211025}NM Chat Data.fields.{c72c59b0-9596-4a33-8f8d-3a2088b9b9f0}createdOn'], "default")
      ),
      align: "END",
      width: "NARROW_PLUS"
    ),
    #"SYSTEM_SYSRULES_gridColumn"(
      label: "Modified By",
      sortField: 'recordType!{588418e8-896b-42a0-9948-b8099f211025}NM Chat Data.fields.{eb6c8134-d886-4542-ab02-aec9c5ed3ae2}modifiedBy',
      value: a!defaultValue(fv!row['recordType!{588418e8-896b-42a0-9948-b8099f211025}NM Chat Data.fields.{eb6c8134-d886-4542-ab02-aec9c5ed3ae2}modifiedBy'], "–")
    ),
    #"SYSTEM_SYSRULES_gridColumn"(
      label: "Modified On",
      sortField: 'recordType!{588418e8-896b-42a0-9948-b8099f211025}NM Chat Data.fields.{8138eebc-8a6d-461b-9466-a96414560ccd}modifiedOn',
      value: if(
        isnull(fv!row['recordType!{588418e8-896b-42a0-9948-b8099f211025}NM Chat Data.fields.{8138eebc-8a6d-461b-9466-a96414560ccd}modifiedOn']),
        "–",
        datetext(fv!row['recordType!{588418e8-896b-42a0-9948-b8099f211025}NM Chat Data.fields.{8138eebc-8a6d-461b-9466-a96414560ccd}modifiedOn'], "default")
      ),
      align: "END",
      width: "NARROW_PLUS"
    ),
    #"SYSTEM_SYSRULES_gridColumn"(
      label: "Is Active",
      sortField: 'recordType!{588418e8-896b-42a0-9948-b8099f211025}NM Chat Data.fields.{73c47f01-dcf8-4d67-a7ca-b18bda9c8a6b}isActive',
      value: if(
        isnull(fv!row['recordType!{588418e8-896b-42a0-9948-b8099f211025}NM Chat Data.fields.{73c47f01-dcf8-4d67-a7ca-b18bda9c8a6b}isActive']),
        "–",
        #"SYSTEM_SYSRULES_richTextDisplayField"(
          value: if(
            fv!row['recordType!{588418e8-896b-42a0-9948-b8099f211025}NM Chat Data.fields.{73c47f01-dcf8-4d67-a7ca-b18bda9c8a6b}isActive'],
            #"SYSTEM_SYSRULES_richTextIcon"(
              icon: "check",
              altText: "Yes",
              color: "#138901"
            ),
            #"SYSTEM_SYSRULES_richTextIcon"(
              icon: "times",
              altText: "No",
              color: "SECONDARY"
            )
          )
        )
      ),
      align: "CENTER"
    )
  },
  pageSize: 50,
  borderStyle: "LIGHT",
  shadeAlternateRows: false
)</a:listViewTemplateExpr>
    <a:detailViewCfg>
      <a:nameExpr>#"SYSTEM_SYSRULES_rtd_getDefaultSummaryViewName"()</a:nameExpr>
      <a:uiExpr/>
      <a:visibilityExpr>=true()</a:visibilityExpr>
      <a:urlStub>summary</a:urlStub>
      <a:headerExpr/>
      <a:recordActionLaunchType>DIALOG</a:recordActionLaunchType>
      <a:recordUiSecurityType>EXPRESSION</a:recordUiSecurityType>
    </a:detailViewCfg>
    <a:isSystem>false</a:isSystem>
    <a:dataSrcExpr/>
    <a:facetsListExpr/>
    <a:titleExpr>rv!record[#"urn:appian:record-field:v1:588418e8-896b-42a0-9948-b8099f211025/ab723020-5cd2-455d-b5a2-c2aa28554136"]</a:titleExpr>
    <a:defaultFiltersExpr/>
    <a:layoutType>GRID</a:layoutType>
    <a:security>16383</a:security>
    <a:hideLatestNews>false</a:hideLatestNews>
    <a:hideNewsView>false</a:hideNewsView>
    <a:hideRelatedActionsView>false</a:hideRelatedActionsView>
    <a:isExportable>true</a:isExportable>
    <a:listViewSrcExpr/>
    <a:recordViewSrcExpr/>
    <a:recordTypeSearchCfg>
      <searchFieldsSrc>DEFAULT</searchFieldsSrc>
      <placeholderSrc>DEFAULT</placeholderSrc>
      <placeholder/>
    </a:recordTypeSearchCfg>
    <a:iconId/>
    <a:listAutoRefreshInterval>0.0</a:listAutoRefreshInterval>
    <a:sourceConfiguration>
      <sourceUuid>NM_CHAT_DATA@jdbc/Appian</sourceUuid>
      <sourceType>RDBMS_TABLE</sourceType>
      <sourceSubType>NONE</sourceSubType>
      <sourceContextExpr/>
      <friendlyName>NM_CHAT_DATA</friendlyName>
      <sourceFilterExpr/>
      <field>
        <uuid>40d60006-d51e-4c2b-aefa-2a7227f2127b</uuid>
        <type>{http://www.appian.com/ae/types/2009}Integer</type>
        <sourceFieldName>ID</sourceFieldName>
        <sourceFieldType>INTEGER</sourceFieldType>
        <fieldName>id</fieldName>
        <displayName>Id</displayName>
        <isRecordId>true</isRecordId>
        <isUnique>true</isUnique>
        <isCustomField>false</isCustomField>
        <customFieldExpr/>
        <fieldCalculationType>NA</fieldCalculationType>
        <fieldTemplateType>NA</fieldTemplateType>
        <recordFieldSecurityMembershipFilter/>
        <fieldFormat/>
        <isIndexable>false</isIndexable>
        <subType>NA</subType>
      </field>
      <field>
        <uuid>0f7ce760-0e33-450a-a92d-27b8d4fa60c8</uuid>
        <type>{http://www.appian.com/ae/types/2009}Integer</type>
        <sourceFieldName>USER_ID</sourceFieldName>
        <sourceFieldType>INTEGER</sourceFieldType>
        <fieldName>userId</fieldName>
        <displayName>User Id</displayName>
        <isRecordId>false</isRecordId>
        <isUnique>false</isUnique>
        <isCustomField>false</isCustomField>
        <customFieldExpr/>
        <fieldCalculationType>NA</fieldCalculationType>
        <fieldTemplateType>NA</fieldTemplateType>
        <recordFieldSecurityMembershipFilter/>
        <fieldFormat/>
        <isIndexable>false</isIndexable>
        <subType>NA</subType>
      </field>
      <field>
        <uuid>ab723020-5cd2-455d-b5a2-c2aa28554136</uuid>
        <type>{http://www.appian.com/ae/types/2009}Text</type>
        <sourceFieldName>QUESTION</sourceFieldName>
        <sourceFieldType>VARCHAR(4000)</sourceFieldType>
        <fieldName>question</fieldName>
        <displayName>Question</displayName>
        <isRecordId>false</isRecordId>
        <isUnique>false</isUnique>
        <isCustomField>false</isCustomField>
        <customFieldExpr/>
        <fieldCalculationType>NA</fieldCalculationType>
        <fieldTemplateType>NA</fieldTemplateType>
        <recordFieldSecurityMembershipFilter/>
        <fieldFormat/>
        <isIndexable>false</isIndexable>
        <subType>NA</subType>
      </field>
      <field>
        <uuid>8c10ddea-7828-4e89-8333-0ab219f4873f</uuid>
        <type>{http://www.appian.com/ae/types/2009}Text</type>
        <sourceFieldName>ANSWER</sourceFieldName>
        <sourceFieldType>LONGVARCHAR(65535)</sourceFieldType>
        <fieldName>answer</fieldName>
        <displayName>Answer</displayName>
        <isRecordId>false</isRecordId>
        <isUnique>false</isUnique>
        <isCustomField>false</isCustomField>
        <customFieldExpr/>
        <fieldCalculationType>NA</fieldCalculationType>
        <fieldTemplateType>NA</fieldTemplateType>
        <recordFieldSecurityMembershipFilter/>
        <fieldFormat/>
        <isIndexable>false</isIndexable>
        <subType>XL_TEXT</subType>
      </field>
      <field>
        <uuid>aa2f8b1e-17a1-41cb-a99b-f9df648e4deb</uuid>
        <type>{http://www.appian.com/ae/types/2009}Text</type>
        <sourceFieldName>CREATED_BY</sourceFieldName>
        <sourceFieldType>VARCHAR(255)</sourceFieldType>
        <fieldName>createdBy</fieldName>
        <displayName>Created By</displayName>
        <isRecordId>false</isRecordId>
        <isUnique>false</isUnique>
        <isCustomField>false</isCustomField>
        <customFieldExpr/>
        <fieldCalculationType>NA</fieldCalculationType>
        <fieldTemplateType>NA</fieldTemplateType>
        <recordFieldSecurityMembershipFilter/>
        <fieldFormat/>
        <isIndexable>false</isIndexable>
        <subType>NA</subType>
      </field>
      <field>
        <uuid>c72c59b0-9596-4a33-8f8d-3a2088b9b9f0</uuid>
        <type>{http://www.appian.com/ae/types/2009}Datetime</type>
        <sourceFieldName>CREATED_ON</sourceFieldName>
        <sourceFieldType>TIMESTAMP</sourceFieldType>
        <fieldName>createdOn</fieldName>
        <displayName>Created On</displayName>
        <isRecordId>false</isRecordId>
        <isUnique>false</isUnique>
        <isCustomField>false</isCustomField>
        <customFieldExpr/>
        <fieldCalculationType>NA</fieldCalculationType>
        <fieldTemplateType>NA</fieldTemplateType>
        <recordFieldSecurityMembershipFilter/>
        <fieldFormat/>
        <isIndexable>false</isIndexable>
        <subType>NA</subType>
      </field>
      <field>
        <uuid>eb6c8134-d886-4542-ab02-aec9c5ed3ae2</uuid>
        <type>{http://www.appian.com/ae/types/2009}Text</type>
        <sourceFieldName>MODIFIED_BY</sourceFieldName>
        <sourceFieldType>VARCHAR(255)</sourceFieldType>
        <fieldName>modifiedBy</fieldName>
        <displayName>Modified By</displayName>
        <isRecordId>false</isRecordId>
        <isUnique>false</isUnique>
        <isCustomField>false</isCustomField>
        <customFieldExpr/>
        <fieldCalculationType>NA</fieldCalculationType>
        <fieldTemplateType>NA</fieldTemplateType>
        <recordFieldSecurityMembershipFilter/>
        <fieldFormat/>
        <isIndexable>false</isIndexable>
        <subType>NA</subType>
      </field>
      <field>
        <uuid>8138eebc-8a6d-461b-9466-a96414560ccd</uuid>
        <type>{http://www.appian.com/ae/types/2009}Datetime</type>
        <sourceFieldName>MODIFIED_ON</sourceFieldName>
        <sourceFieldType>TIMESTAMP</sourceFieldType>
        <fieldName>modifiedOn</fieldName>
        <displayName>Modified On</displayName>
        <isRecordId>false</isRecordId>
        <isUnique>false</isUnique>
        <isCustomField>false</isCustomField>
        <customFieldExpr/>
        <fieldCalculationType>NA</fieldCalculationType>
        <fieldTemplateType>NA</fieldTemplateType>
        <recordFieldSecurityMembershipFilter/>
        <fieldFormat/>
        <isIndexable>false</isIndexable>
        <subType>NA</subType>
      </field>
      <field>
        <uuid>73c47f01-dcf8-4d67-a7ca-b18bda9c8a6b</uuid>
        <type>{http://www.appian.com/ae/types/2009}Boolean</type>
        <sourceFieldName>IS_ACTIVE</sourceFieldName>
        <sourceFieldType>BIT</sourceFieldType>
        <fieldName>isActive</fieldName>
        <displayName>Is Active</displayName>
        <isRecordId>false</isRecordId>
        <isUnique>false</isUnique>
        <isCustomField>false</isCustomField>
        <customFieldExpr/>
        <fieldCalculationType>NA</fieldCalculationType>
        <fieldTemplateType>NA</fieldTemplateType>
        <recordFieldSecurityMembershipFilter/>
        <fieldFormat/>
        <isIndexable>false</isIndexable>
        <subType>NA</subType>
      </field>
      <uuid>5f5925e4-9035-4cff-8de4-954bb26f10f3</uuid>
      <refreshSchedule>
        <frequency>DAILY</frequency>
        <value>{"hour":3,"minute":"00","amPM":"AM","timeZone":"GMT","version":"v1"}</value>
        <activated>false</activated>
      </refreshSchedule>
      <skipFailureEnabled>true</skipFailureEnabled>
      <recordIdGeneratorUuid/>
    </a:sourceConfiguration>
    <a:enabledFeatures>511</a:enabledFeatures>
    <a:isVisibleInRecordTypeList>false</a:isVisibleInRecordTypeList>
    <a:recordActionLaunchType>DIALOG</a:recordActionLaunchType>
    <a:showSearchBox>true</a:showSearchBox>
    <a:isVisibleInDataFabric>false</a:isVisibleInDataFabric>
    <a:usesRollingSyncLimit>false</a:usesRollingSyncLimit>
    <a:usesRecoverySync>false</a:usesRecoverySync>
    <a:isScheduledIndexingEnabled>false</a:isScheduledIndexingEnabled>
  </recordType>
  <roleMap>
    <role name="record_type_administrator">
      <users/>
      <groups>
        <groupUuid>d278427a-b619-49e3-a88d-61462bb98ec9</groupUuid>
      </groups>
    </role>
    <role name="record_type_viewer">
      <users/>
      <groups>
        <groupUuid>731a6341-e12a-4921-add6-7a8746eb6378</groupUuid>
      </groups>
    </role>
  </roleMap>
  <history>
    <historyInfo versionUuid="ef24e769-a602-4832-a51f-26a55f9cadc7"/>
  </history>
  <migrationVersion>1</migrationVersion>
</recordTypeHaul>
