<?xml version="1.0" encoding="UTF-8"?>
<recordTypeHaul xmlns:a="http://www.appian.com/ae/types/2009" xmlns:xsi="http://www.w3.org/2001/XMLSchema-instance">
  <versionUuid>cf5c23d1-bd78-4c04-a315-f58323a76de6</versionUuid>
  <recordType a:uuid="71511ef6-5685-4f4d-8aac-f288feae9c06" name="NM users">
    <a:pluralName>userses</a:pluralName>
    <a:description/>
    <a:urlStub>PqG56g</a:urlStub>
    <a:source xsi:type="a:RecordsReplica"/>
    <a:listViewTemplateExpr>#"SYSTEM_SYSRULES_recordGridField"(
  columns: {
    #"SYSTEM_SYSRULES_gridColumn"(
      label: "Id",
      sortField: #"urn:appian:record-field:v1:71511ef6-5685-4f4d-8aac-f288feae9c06/b090c0ae-38b4-4c35-ba14-bfe39fd91e0a",
      value: #"SYSTEM_SYSRULES_richTextDisplayField"(
        value: {
          #"SYSTEM_SYSRULES_richTextItem_v1"(
            text: if(
              fv!row[#"urn:appian:record-field:v1:71511ef6-5685-4f4d-8aac-f288feae9c06/b090c0ae-38b4-4c35-ba14-bfe39fd91e0a"] &lt; 100000,
              text(
                fv!row[#"urn:appian:record-field:v1:71511ef6-5685-4f4d-8aac-f288feae9c06/b090c0ae-38b4-4c35-ba14-bfe39fd91e0a"],
                "#00000"
              ),
              fv!row[#"urn:appian:record-field:v1:71511ef6-5685-4f4d-8aac-f288feae9c06/b090c0ae-38b4-4c35-ba14-bfe39fd91e0a"]
            ),
            link: #"SYSTEM_SYSRULES_recordLink"(
              recordType: #"urn:appian:record-type:v1:71511ef6-5685-4f4d-8aac-f288feae9c06",
              identifier: fv!identifier
            ),
            linkStyle: "STANDALONE"
          )
        }
      )
    ),
    #"SYSTEM_SYSRULES_gridColumn"(
      label: "Full Name",
      sortField: #"urn:appian:record-field:v1:71511ef6-5685-4f4d-8aac-f288feae9c06/f9e356ca-21ef-4466-ae3c-b57c4532a8f1",
      value: a!defaultValue(fv!row[#"urn:appian:record-field:v1:71511ef6-5685-4f4d-8aac-f288feae9c06/f9e356ca-21ef-4466-ae3c-b57c4532a8f1"], "–")
    ),
    #"SYSTEM_SYSRULES_gridColumn"(
      label: "Is Active",
      sortField: #"urn:appian:record-field:v1:71511ef6-5685-4f4d-8aac-f288feae9c06/9f5205be-6e0e-48c6-937a-ffc57d85f932",
      value: if(
        isnull(fv!row[#"urn:appian:record-field:v1:71511ef6-5685-4f4d-8aac-f288feae9c06/9f5205be-6e0e-48c6-937a-ffc57d85f932"]),
        "–",
        #"SYSTEM_SYSRULES_richTextDisplayField"(
          value: if(
            fv!row[#"urn:appian:record-field:v1:71511ef6-5685-4f4d-8aac-f288feae9c06/9f5205be-6e0e-48c6-937a-ffc57d85f932"],
            #"SYSTEM_SYSRULES_richTextIcon"(
              icon: "check",
              altText: "Yes",
              color: "#138901"
            ),
            #"SYSTEM_SYSRULES_richTextIcon"(
              icon: "times",
              altText: "No",
              color: "SECONDARY"
            )
          )
        )
      ),
      align: "CENTER"
    )
  },
  pageSize: 50,
  borderStyle: "LIGHT",
  shadeAlternateRows: false
)</a:listViewTemplateExpr>
    <a:detailViewCfg>
      <a:nameExpr>#"SYSTEM_SYSRULES_rtd_getDefaultSummaryViewName"()</a:nameExpr>
      <a:uiExpr/>
      <a:visibilityExpr>=true()</a:visibilityExpr>
      <a:urlStub>summary</a:urlStub>
      <a:headerExpr/>
      <a:recordActionLaunchType>DIALOG</a:recordActionLaunchType>
      <a:recordUiSecurityType>EXPRESSION</a:recordUiSecurityType>
    </a:detailViewCfg>
    <a:isSystem>false</a:isSystem>
    <a:dataSrcExpr/>
    <a:facetsListExpr/>
    <a:titleExpr>rv!record[#"urn:appian:record-field:v1:71511ef6-5685-4f4d-8aac-f288feae9c06/8b1d09f2-3f9d-4a82-98a0-6d3b0bfd3718"]</a:titleExpr>
    <a:defaultFiltersExpr/>
    <a:layoutType>GRID</a:layoutType>
    <a:security>16383</a:security>
    <a:hideLatestNews>false</a:hideLatestNews>
    <a:hideNewsView>false</a:hideNewsView>
    <a:hideRelatedActionsView>false</a:hideRelatedActionsView>
    <a:isExportable>true</a:isExportable>
    <a:listViewSrcExpr/>
    <a:recordViewSrcExpr/>
    <a:recordRelationshipCfg>
      <uuid>0a204e49-af21-4783-bcd2-e970f97ec11c</uuid>
      <relationshipName>note</relationshipName>
      <targetRecordTypeUuid>c63eb646-a839-4d87-9050-0b8af446728a</targetRecordTypeUuid>
      <relationshipType>ONE_TO_MANY</relationshipType>
      <relationshipData>{"sourceRecordTypeFieldUuid":"b090c0ae-38b4-4c35-ba14-bfe39fd91e0a","targetRecordTypeFieldUuid":"136231f3-51c6-4a90-bf4e-217e0d3b6c87","relationshipOperator":"1","joinTableSourceField":"","joinTableTargetField":""}</relationshipData>
      <updateBehavior>CASCADING</updateBehavior>
    </a:recordRelationshipCfg>
    <a:recordTypeSearchCfg>
      <searchFieldsSrc>DEFAULT</searchFieldsSrc>
      <placeholderSrc>DEFAULT</placeholderSrc>
      <placeholder/>
    </a:recordTypeSearchCfg>
    <a:iconId/>
    <a:listAutoRefreshInterval>0.0</a:listAutoRefreshInterval>
    <a:sourceConfiguration>
      <sourceUuid>NM_USERS@jdbc/Appian</sourceUuid>
      <sourceType>RDBMS_TABLE</sourceType>
      <sourceSubType>NONE</sourceSubType>
      <sourceContextExpr/>
      <friendlyName>NM_USERS</friendlyName>
      <sourceFilterExpr/>
      <field>
        <uuid>b090c0ae-38b4-4c35-ba14-bfe39fd91e0a</uuid>
        <type>{http://www.appian.com/ae/types/2009}Integer</type>
        <sourceFieldName>ID</sourceFieldName>
        <sourceFieldType>INTEGER</sourceFieldType>
        <fieldName>id</fieldName>
        <displayName>Id</displayName>
        <isRecordId>true</isRecordId>
        <isUnique>true</isUnique>
        <isCustomField>false</isCustomField>
        <customFieldExpr/>
        <fieldCalculationType>NA</fieldCalculationType>
        <fieldTemplateType>NA</fieldTemplateType>
        <recordFieldSecurityMembershipFilter/>
        <fieldFormat/>
        <isIndexable>false</isIndexable>
        <subType>NA</subType>
      </field>
      <field>
        <uuid>8b1d09f2-3f9d-4a82-98a0-6d3b0bfd3718</uuid>
        <type>{http://www.appian.com/ae/types/2009}Text</type>
        <sourceFieldName>USERNAME</sourceFieldName>
        <sourceFieldType>VARCHAR(4000)</sourceFieldType>
        <fieldName>username</fieldName>
        <displayName>Username</displayName>
        <isRecordId>false</isRecordId>
        <isUnique>false</isUnique>
        <isCustomField>false</isCustomField>
        <customFieldExpr/>
        <fieldCalculationType>NA</fieldCalculationType>
        <fieldTemplateType>NA</fieldTemplateType>
        <recordFieldSecurityMembershipFilter/>
        <fieldFormat/>
        <isIndexable>false</isIndexable>
        <subType>NA</subType>
      </field>
      <field>
        <uuid>5eb975dd-0a1c-41a1-aae1-a1c5fe3f7a6b</uuid>
        <type>{http://www.appian.com/ae/types/2009}Text</type>
        <sourceFieldName>HASH_PASSWORD</sourceFieldName>
        <sourceFieldType>LONGVARCHAR(65535)</sourceFieldType>
        <fieldName>hashPassword</fieldName>
        <displayName>Hash Password</displayName>
        <isRecordId>false</isRecordId>
        <isUnique>false</isUnique>
        <isCustomField>false</isCustomField>
        <customFieldExpr/>
        <fieldCalculationType>NA</fieldCalculationType>
        <fieldTemplateType>NA</fieldTemplateType>
        <recordFieldSecurityMembershipFilter/>
        <fieldFormat/>
        <isIndexable>false</isIndexable>
        <subType>XL_TEXT</subType>
      </field>
      <field>
        <uuid>f9e356ca-21ef-4466-ae3c-b57c4532a8f1</uuid>
        <type>{http://www.appian.com/ae/types/2009}Text</type>
        <sourceFieldName>FULL_NAME</sourceFieldName>
        <sourceFieldType>VARCHAR(255)</sourceFieldType>
        <fieldName>name</fieldName>
        <displayName>Full Name</displayName>
        <isRecordId>false</isRecordId>
        <isUnique>false</isUnique>
        <isCustomField>false</isCustomField>
        <customFieldExpr/>
        <fieldCalculationType>NA</fieldCalculationType>
        <fieldTemplateType>NA</fieldTemplateType>
        <recordFieldSecurityMembershipFilter/>
        <fieldFormat/>
        <isIndexable>false</isIndexable>
        <subType>NA</subType>
      </field>
      <field>
        <uuid>9f5205be-6e0e-48c6-937a-ffc57d85f932</uuid>
        <type>{http://www.appian.com/ae/types/2009}Boolean</type>
        <sourceFieldName>IS_ACTIVE</sourceFieldName>
        <sourceFieldType>BIT</sourceFieldType>
        <fieldName>isActive</fieldName>
        <displayName>Is Active</displayName>
        <isRecordId>false</isRecordId>
        <isUnique>false</isUnique>
        <isCustomField>false</isCustomField>
        <customFieldExpr/>
        <fieldCalculationType>NA</fieldCalculationType>
        <fieldTemplateType>NA</fieldTemplateType>
        <recordFieldSecurityMembershipFilter/>
        <fieldFormat/>
        <isIndexable>false</isIndexable>
        <subType>NA</subType>
      </field>
      <field>
        <uuid>11968cbc-7865-41db-a41f-6c54689e9d40</uuid>
        <type>{http://www.appian.com/ae/types/2009}Text</type>
        <sourceFieldName>CREATED_BY</sourceFieldName>
        <sourceFieldType>VARCHAR(255)</sourceFieldType>
        <fieldName>createdBy</fieldName>
        <displayName>Created By</displayName>
        <isRecordId>false</isRecordId>
        <isUnique>false</isUnique>
        <isCustomField>false</isCustomField>
        <customFieldExpr/>
        <fieldCalculationType>NA</fieldCalculationType>
        <fieldTemplateType>NA</fieldTemplateType>
        <recordFieldSecurityMembershipFilter/>
        <fieldFormat/>
        <fieldMetaData a:uuid="ca852c36-deb3-4a83-abf3-6cdd37b411cf">
          <a:metaDataType>1</a:metaDataType>
          <a:metaDataExpression/>
        </fieldMetaData>
        <fieldMetaData a:uuid="13ad6fcc-6bc0-448e-a995-afa14e6ddf7d">
          <a:metaDataType>2</a:metaDataType>
          <a:metaDataExpression/>
        </fieldMetaData>
        <fieldMetaData a:uuid="14817530-79bc-4ca2-a4cd-96b723f55e8b">
          <a:metaDataType>3</a:metaDataType>
          <a:metaDataExpression/>
        </fieldMetaData>
        <fieldMetaData a:uuid="e328e689-bde2-4a16-a0cc-a84453859430">
          <a:metaDataType>4</a:metaDataType>
          <a:metaDataExpression/>
        </fieldMetaData>
        <isIndexable>false</isIndexable>
        <subType>NA</subType>
      </field>
      <field>
        <uuid>dbf7433e-441b-4578-865e-97aa6431e498</uuid>
        <type>{http://www.appian.com/ae/types/2009}Datetime</type>
        <sourceFieldName>CREATED_ON</sourceFieldName>
        <sourceFieldType>TIMESTAMP</sourceFieldType>
        <fieldName>createdOn</fieldName>
        <displayName>Created On</displayName>
        <isRecordId>false</isRecordId>
        <isUnique>false</isUnique>
        <isCustomField>false</isCustomField>
        <customFieldExpr/>
        <fieldCalculationType>NA</fieldCalculationType>
        <fieldTemplateType>NA</fieldTemplateType>
        <recordFieldSecurityMembershipFilter/>
        <fieldFormat/>
        <isIndexable>false</isIndexable>
        <subType>NA</subType>
      </field>
      <field>
        <uuid>f965873e-04d0-45d2-8075-51b36f9bd6b2</uuid>
        <type>{http://www.appian.com/ae/types/2009}Text</type>
        <sourceFieldName>MODIFIED_BY</sourceFieldName>
        <sourceFieldType>VARCHAR(255)</sourceFieldType>
        <fieldName>modifiedBy</fieldName>
        <displayName>Modified By</displayName>
        <isRecordId>false</isRecordId>
        <isUnique>false</isUnique>
        <isCustomField>false</isCustomField>
        <customFieldExpr/>
        <fieldCalculationType>NA</fieldCalculationType>
        <fieldTemplateType>NA</fieldTemplateType>
        <recordFieldSecurityMembershipFilter/>
        <fieldFormat/>
        <fieldMetaData a:uuid="a201f96b-4e07-4491-98f7-8fbb1a1fdb3f">
          <a:metaDataType>1</a:metaDataType>
          <a:metaDataExpression/>
        </fieldMetaData>
        <fieldMetaData a:uuid="c1c9b579-0003-421b-98dc-fd94ccc2ced2">
          <a:metaDataType>2</a:metaDataType>
          <a:metaDataExpression/>
        </fieldMetaData>
        <fieldMetaData a:uuid="0ddac63e-2b94-4b79-8ddf-4e6a2bed2a8a">
          <a:metaDataType>3</a:metaDataType>
          <a:metaDataExpression/>
        </fieldMetaData>
        <fieldMetaData a:uuid="b4a1ee18-bc4e-4590-8ae8-52d522c87647">
          <a:metaDataType>4</a:metaDataType>
          <a:metaDataExpression/>
        </fieldMetaData>
        <isIndexable>false</isIndexable>
        <subType>NA</subType>
      </field>
      <field>
        <uuid>417af510-f049-46f9-9487-9e10f88dd396</uuid>
        <type>{http://www.appian.com/ae/types/2009}Datetime</type>
        <sourceFieldName>MODIFIED_ON</sourceFieldName>
        <sourceFieldType>TIMESTAMP</sourceFieldType>
        <fieldName>modifiedOn</fieldName>
        <displayName>Modified On</displayName>
        <isRecordId>false</isRecordId>
        <isUnique>false</isUnique>
        <isCustomField>false</isCustomField>
        <customFieldExpr/>
        <fieldCalculationType>NA</fieldCalculationType>
        <fieldTemplateType>NA</fieldTemplateType>
        <recordFieldSecurityMembershipFilter/>
        <fieldFormat/>
        <isIndexable>false</isIndexable>
        <subType>NA</subType>
      </field>
      <field>
        <uuid>60a5ea3c-674c-4348-b7b2-3b053eccec10</uuid>
        <type>{http://www.appian.com/ae/types/2009}Text</type>
        <sourceFieldName>EMAIL</sourceFieldName>
        <sourceFieldType>VARCHAR(255)</sourceFieldType>
        <fieldName>email</fieldName>
        <isRecordId>false</isRecordId>
        <isUnique>false</isUnique>
        <isCustomField>false</isCustomField>
        <customFieldExpr/>
        <fieldCalculationType>NA</fieldCalculationType>
        <fieldTemplateType>NA</fieldTemplateType>
        <recordFieldSecurityMembershipFilter/>
        <fieldFormat/>
        <isIndexable>false</isIndexable>
        <subType>NA</subType>
      </field>
      <uuid>55682690-1421-43d4-88ba-0e9121d632e0</uuid>
      <refreshSchedule>
        <frequency>DAILY</frequency>
        <value>{"hour":3,"minute":"00","amPM":"AM","timeZone":"IST","version":"v1"}</value>
        <activated>false</activated>
      </refreshSchedule>
      <skipFailureEnabled>true</skipFailureEnabled>
      <recordIdGeneratorUuid/>
    </a:sourceConfiguration>
    <a:enabledFeatures>511</a:enabledFeatures>
    <a:isVisibleInRecordTypeList>false</a:isVisibleInRecordTypeList>
    <a:recordActionLaunchType>DIALOG</a:recordActionLaunchType>
    <a:showSearchBox>true</a:showSearchBox>
    <a:isVisibleInDataFabric>false</a:isVisibleInDataFabric>
    <a:usesRollingSyncLimit>false</a:usesRollingSyncLimit>
    <a:usesRecoverySync>false</a:usesRecoverySync>
    <a:isScheduledIndexingEnabled>false</a:isScheduledIndexingEnabled>
  </recordType>
  <roleMap>
    <role name="record_type_administrator">
      <users/>
      <groups>
        <groupUuid>d278427a-b619-49e3-a88d-61462bb98ec9</groupUuid>
      </groups>
    </role>
    <role name="record_type_viewer">
      <users/>
      <groups>
        <groupUuid>731a6341-e12a-4921-add6-7a8746eb6378</groupUuid>
      </groups>
    </role>
  </roleMap>
  <history>
    <historyInfo versionUuid="907b0fc2-a927-4abe-ab73-414d235fff92"/>
    <historyInfo versionUuid="d4e7d734-9ebf-4dd8-97ac-12b609191f45"/>
    <historyInfo versionUuid="cf5c23d1-bd78-4c04-a315-f58323a76de6"/>
  </history>
  <migrationVersion>1</migrationVersion>
</recordTypeHaul>
