<?xml version="1.0" encoding="UTF-8"?>
<recordTypeHaul xmlns:a="http://www.appian.com/ae/types/2009" xmlns:xsi="http://www.w3.org/2001/XMLSchema-instance">
  <versionUuid>f8459d1b-cea6-44ee-85e6-38669330459f</versionUuid>
  <recordType a:uuid="a6d3991e-5d84-4730-9788-84904f4c68dc" name="NM Note Sub Content">
    <a:pluralName>Note Sub Contents</a:pluralName>
    <a:description/>
    <a:urlStub>qS44_Q</a:urlStub>
    <a:source xsi:type="a:RecordsReplica"/>
    <a:listViewTemplateExpr>#"SYSTEM_SYSRULES_recordGridField"(
  columns: {
    #"SYSTEM_SYSRULES_gridColumn"(
      label: "Id",
      sortField: #"urn:appian:record-field:v1:a6d3991e-5d84-4730-9788-84904f4c68dc/8d7ce732-cf06-4e33-9188-0a2851004f27",
      value: #"SYSTEM_SYSRULES_richTextDisplayField"(
        value: {
          #"SYSTEM_SYSRULES_richTextItem_v1"(
            text: if(
              fv!row[#"urn:appian:record-field:v1:a6d3991e-5d84-4730-9788-84904f4c68dc/8d7ce732-cf06-4e33-9188-0a2851004f27"] &lt; 100000,
              text(
                fv!row[#"urn:appian:record-field:v1:a6d3991e-5d84-4730-9788-84904f4c68dc/8d7ce732-cf06-4e33-9188-0a2851004f27"],
                "#00000"
              ),
              fv!row[#"urn:appian:record-field:v1:a6d3991e-5d84-4730-9788-84904f4c68dc/8d7ce732-cf06-4e33-9188-0a2851004f27"]
            ),
            link: #"SYSTEM_SYSRULES_recordLink"(
              recordType: #"urn:appian:record-type:v1:a6d3991e-5d84-4730-9788-84904f4c68dc",
              identifier: fv!identifier
            ),
            linkStyle: "STANDALONE"
          )
        }
      )
    ),
    #"SYSTEM_SYSRULES_gridColumn"(
      label: "Note Id",
      sortField: #"urn:appian:record-field:v1:a6d3991e-5d84-4730-9788-84904f4c68dc/185e6257-4938-4703-a7f7-9a33b4d94523",
      value: a!defaultValue(fv!row[#"urn:appian:record-field:v1:a6d3991e-5d84-4730-9788-84904f4c68dc/185e6257-4938-4703-a7f7-9a33b4d94523"], "–"),
      align: "END"
    ),
    #"SYSTEM_SYSRULES_gridColumn"(
      label: "Is Active",
      sortField: #"urn:appian:record-field:v1:a6d3991e-5d84-4730-9788-84904f4c68dc/18d010c7-6656-40d6-9cf1-91fbedf05716",
      value: if(
        isnull(fv!row[#"urn:appian:record-field:v1:a6d3991e-5d84-4730-9788-84904f4c68dc/18d010c7-6656-40d6-9cf1-91fbedf05716"]),
        "–",
        #"SYSTEM_SYSRULES_richTextDisplayField"(
          value: if(
            fv!row[#"urn:appian:record-field:v1:a6d3991e-5d84-4730-9788-84904f4c68dc/18d010c7-6656-40d6-9cf1-91fbedf05716"],
            #"SYSTEM_SYSRULES_richTextIcon"(
              icon: "check",
              altText: "Yes",
              color: "#138901"
            ),
            #"SYSTEM_SYSRULES_richTextIcon"(
              icon: "times",
              altText: "No",
              color: "SECONDARY"
            )
          )
        )
      ),
      align: "CENTER"
    )
  },
  pageSize: 50,
  borderStyle: "LIGHT",
  shadeAlternateRows: false
)</a:listViewTemplateExpr>
    <a:detailViewCfg>
      <a:nameExpr>#"SYSTEM_SYSRULES_rtd_getDefaultSummaryViewName"()</a:nameExpr>
      <a:uiExpr/>
      <a:visibilityExpr>=true()</a:visibilityExpr>
      <a:urlStub>summary</a:urlStub>
      <a:headerExpr/>
      <a:recordActionLaunchType>DIALOG</a:recordActionLaunchType>
      <a:recordUiSecurityType>EXPRESSION</a:recordUiSecurityType>
    </a:detailViewCfg>
    <a:isSystem>false</a:isSystem>
    <a:dataSrcExpr/>
    <a:facetsListExpr/>
    <a:titleExpr>rv!record[#"urn:appian:record-field:v1:a6d3991e-5d84-4730-9788-84904f4c68dc/35abac9c-bfb9-4563-89f1-4b19ae6e5e51"]</a:titleExpr>
    <a:defaultFiltersExpr/>
    <a:layoutType>GRID</a:layoutType>
    <a:security>16383</a:security>
    <a:hideLatestNews>false</a:hideLatestNews>
    <a:hideNewsView>false</a:hideNewsView>
    <a:hideRelatedActionsView>false</a:hideRelatedActionsView>
    <a:isExportable>true</a:isExportable>
    <a:listViewSrcExpr/>
    <a:recordViewSrcExpr/>
    <a:recordTypeSearchCfg>
      <searchFieldsSrc>DEFAULT</searchFieldsSrc>
      <placeholderSrc>DEFAULT</placeholderSrc>
      <placeholder/>
    </a:recordTypeSearchCfg>
    <a:iconId/>
    <a:listAutoRefreshInterval>0.0</a:listAutoRefreshInterval>
    <a:sourceConfiguration>
      <sourceUuid>NM_NOTE_SUB_CONTENT@jdbc/Appian</sourceUuid>
      <sourceType>RDBMS_TABLE</sourceType>
      <sourceSubType>NONE</sourceSubType>
      <sourceContextExpr/>
      <friendlyName>NM_NOTE_SUB_CONTENT</friendlyName>
      <sourceFilterExpr/>
      <field>
        <uuid>8d7ce732-cf06-4e33-9188-0a2851004f27</uuid>
        <type>{http://www.appian.com/ae/types/2009}Integer</type>
        <sourceFieldName>ID</sourceFieldName>
        <sourceFieldType>INTEGER</sourceFieldType>
        <fieldName>id</fieldName>
        <displayName>Id</displayName>
        <isRecordId>true</isRecordId>
        <isUnique>true</isUnique>
        <isCustomField>false</isCustomField>
        <customFieldExpr/>
        <customFieldDefaultValueStr>null</customFieldDefaultValueStr>
        <fieldCalculationType>NA</fieldCalculationType>
        <fieldTemplateType>NA</fieldTemplateType>
        <recordFieldSecurityMembershipFilter/>
        <fieldFormat/>
        <isIndexable>false</isIndexable>
        <subType>NA</subType>
      </field>
      <field>
        <uuid>185e6257-4938-4703-a7f7-9a33b4d94523</uuid>
        <type>{http://www.appian.com/ae/types/2009}Integer</type>
        <sourceFieldName>NOTE_ID</sourceFieldName>
        <sourceFieldType>INTEGER</sourceFieldType>
        <fieldName>noteId</fieldName>
        <displayName>Note Id</displayName>
        <isRecordId>false</isRecordId>
        <isUnique>false</isUnique>
        <isCustomField>false</isCustomField>
        <customFieldExpr/>
        <customFieldDefaultValueStr>null</customFieldDefaultValueStr>
        <fieldCalculationType>NA</fieldCalculationType>
        <fieldTemplateType>NA</fieldTemplateType>
        <recordFieldSecurityMembershipFilter/>
        <fieldFormat/>
        <isIndexable>false</isIndexable>
        <subType>NA</subType>
      </field>
      <field>
        <uuid>35abac9c-bfb9-4563-89f1-4b19ae6e5e51</uuid>
        <type>{http://www.appian.com/ae/types/2009}Text</type>
        <sourceFieldName>DATA</sourceFieldName>
        <sourceFieldType>LONGVARCHAR(65535)</sourceFieldType>
        <fieldName>notes</fieldName>
        <displayName>Data</displayName>
        <isRecordId>false</isRecordId>
        <isUnique>false</isUnique>
        <isCustomField>false</isCustomField>
        <customFieldExpr/>
        <customFieldDefaultValueStr>null</customFieldDefaultValueStr>
        <fieldCalculationType>NA</fieldCalculationType>
        <fieldTemplateType>NA</fieldTemplateType>
        <recordFieldSecurityMembershipFilter/>
        <fieldFormat/>
        <isIndexable>false</isIndexable>
        <subType>XL_TEXT</subType>
      </field>
      <field>
        <uuid>8805a6d9-1af5-455a-954f-1684abbc53f8</uuid>
        <type>{http://www.appian.com/ae/types/2009}Text</type>
        <sourceFieldName>CREATED_BY</sourceFieldName>
        <sourceFieldType>VARCHAR(255)</sourceFieldType>
        <fieldName>createdBy</fieldName>
        <displayName>Created By</displayName>
        <isRecordId>false</isRecordId>
        <isUnique>false</isUnique>
        <isCustomField>false</isCustomField>
        <customFieldExpr/>
        <customFieldDefaultValueStr>null</customFieldDefaultValueStr>
        <fieldCalculationType>NA</fieldCalculationType>
        <fieldTemplateType>NA</fieldTemplateType>
        <recordFieldSecurityMembershipFilter/>
        <fieldFormat/>
        <fieldMetaData a:uuid="16a44724-1722-4f6e-99cd-3d4bfe6babd8">
          <a:metaDataType>1</a:metaDataType>
          <a:metaDataExpression/>
        </fieldMetaData>
        <fieldMetaData a:uuid="c1652357-09a0-49c5-b5e4-a473dd5fa440">
          <a:metaDataType>2</a:metaDataType>
          <a:metaDataExpression/>
        </fieldMetaData>
        <fieldMetaData a:uuid="4eea5b6e-12b0-4e67-bb72-5b6fbcb8d2a4">
          <a:metaDataType>3</a:metaDataType>
          <a:metaDataExpression/>
        </fieldMetaData>
        <fieldMetaData a:uuid="ce6db204-b95f-4d81-b9c0-796f58c57cbf">
          <a:metaDataType>4</a:metaDataType>
          <a:metaDataExpression/>
        </fieldMetaData>
        <isIndexable>false</isIndexable>
        <subType>NA</subType>
      </field>
      <field>
        <uuid>5dab35f1-d962-4416-aef2-8a4b6619f1d2</uuid>
        <type>{http://www.appian.com/ae/types/2009}Datetime</type>
        <sourceFieldName>CREATED_ON</sourceFieldName>
        <sourceFieldType>TIMESTAMP</sourceFieldType>
        <fieldName>createdOn</fieldName>
        <displayName>Created On</displayName>
        <isRecordId>false</isRecordId>
        <isUnique>false</isUnique>
        <isCustomField>false</isCustomField>
        <customFieldExpr/>
        <customFieldDefaultValueStr>null</customFieldDefaultValueStr>
        <fieldCalculationType>NA</fieldCalculationType>
        <fieldTemplateType>NA</fieldTemplateType>
        <recordFieldSecurityMembershipFilter/>
        <fieldFormat/>
        <isIndexable>false</isIndexable>
        <subType>NA</subType>
      </field>
      <field>
        <uuid>768f904b-b1c4-446d-800d-d95cc832068f</uuid>
        <type>{http://www.appian.com/ae/types/2009}Text</type>
        <sourceFieldName>MODIFIED_BY</sourceFieldName>
        <sourceFieldType>VARCHAR(255)</sourceFieldType>
        <fieldName>modifiedBy</fieldName>
        <displayName>Modified By</displayName>
        <isRecordId>false</isRecordId>
        <isUnique>false</isUnique>
        <isCustomField>false</isCustomField>
        <customFieldExpr/>
        <customFieldDefaultValueStr>null</customFieldDefaultValueStr>
        <fieldCalculationType>NA</fieldCalculationType>
        <fieldTemplateType>NA</fieldTemplateType>
        <recordFieldSecurityMembershipFilter/>
        <fieldFormat/>
        <fieldMetaData a:uuid="33aeb7b5-eed4-4bcb-b7da-4c9235df69a7">
          <a:metaDataType>1</a:metaDataType>
          <a:metaDataExpression/>
        </fieldMetaData>
        <fieldMetaData a:uuid="28965265-a0c2-4483-ad91-e10344b10806">
          <a:metaDataType>2</a:metaDataType>
          <a:metaDataExpression/>
        </fieldMetaData>
        <fieldMetaData a:uuid="2e336f48-47fd-4d5b-9990-f8c67336eaca">
          <a:metaDataType>3</a:metaDataType>
          <a:metaDataExpression/>
        </fieldMetaData>
        <fieldMetaData a:uuid="411a046a-01ed-46b7-b9bf-ad90de84a9d9">
          <a:metaDataType>4</a:metaDataType>
          <a:metaDataExpression/>
        </fieldMetaData>
        <isIndexable>false</isIndexable>
        <subType>NA</subType>
      </field>
      <field>
        <uuid>4eb9f51f-3d28-473d-a85b-be667a779704</uuid>
        <type>{http://www.appian.com/ae/types/2009}Datetime</type>
        <sourceFieldName>MODIFIED_ON</sourceFieldName>
        <sourceFieldType>TIMESTAMP</sourceFieldType>
        <fieldName>modifiedOn</fieldName>
        <displayName>Modified On</displayName>
        <isRecordId>false</isRecordId>
        <isUnique>false</isUnique>
        <isCustomField>false</isCustomField>
        <customFieldExpr/>
        <customFieldDefaultValueStr>null</customFieldDefaultValueStr>
        <fieldCalculationType>NA</fieldCalculationType>
        <fieldTemplateType>NA</fieldTemplateType>
        <recordFieldSecurityMembershipFilter/>
        <fieldFormat/>
        <isIndexable>false</isIndexable>
        <subType>NA</subType>
      </field>
      <field>
        <uuid>18d010c7-6656-40d6-9cf1-91fbedf05716</uuid>
        <type>{http://www.appian.com/ae/types/2009}Boolean</type>
        <sourceFieldName>IS_ACTIVE</sourceFieldName>
        <sourceFieldType>BIT</sourceFieldType>
        <fieldName>isActive</fieldName>
        <displayName>Is Active</displayName>
        <isRecordId>false</isRecordId>
        <isUnique>false</isUnique>
        <isCustomField>false</isCustomField>
        <customFieldExpr/>
        <customFieldDefaultValueStr>null</customFieldDefaultValueStr>
        <fieldCalculationType>NA</fieldCalculationType>
        <fieldTemplateType>NA</fieldTemplateType>
        <recordFieldSecurityMembershipFilter/>
        <fieldFormat/>
        <isIndexable>false</isIndexable>
        <subType>NA</subType>
      </field>
      <uuid>bc344ceb-3f1e-45ae-a3e9-eb0c4ef76eed</uuid>
      <refreshSchedule>
        <frequency>DAILY</frequency>
        <value>{"hour":3,"minute":"00","amPM":"AM","timeZone":"IST","version":"v1"}</value>
        <activated>false</activated>
      </refreshSchedule>
      <skipFailureEnabled>true</skipFailureEnabled>
      <recordIdGeneratorUuid/>
    </a:sourceConfiguration>
    <a:enabledFeatures>511</a:enabledFeatures>
    <a:isVisibleInRecordTypeList>false</a:isVisibleInRecordTypeList>
    <a:recordActionLaunchType>DIALOG</a:recordActionLaunchType>
    <a:showSearchBox>true</a:showSearchBox>
    <a:isVisibleInDataFabric>false</a:isVisibleInDataFabric>
    <a:usesRollingSyncLimit>false</a:usesRollingSyncLimit>
    <a:usesRecoverySync>false</a:usesRecoverySync>
    <a:isScheduledIndexingEnabled>false</a:isScheduledIndexingEnabled>
  </recordType>
  <roleMap>
    <role name="record_type_administrator">
      <users/>
      <groups>
        <groupUuid>d278427a-b619-49e3-a88d-61462bb98ec9</groupUuid>
      </groups>
    </role>
    <role name="record_type_viewer">
      <users/>
      <groups>
        <groupUuid>731a6341-e12a-4921-add6-7a8746eb6378</groupUuid>
      </groups>
    </role>
  </roleMap>
  <history>
    <historyInfo versionUuid="a3d1b4ff-f624-4ae6-baad-7bb6946689b4"/>
    <historyInfo versionUuid="c3b69870-2b83-4b46-86f5-b883adf3556a"/>
    <historyInfo versionUuid="f8459d1b-cea6-44ee-85e6-38669330459f"/>
  </history>
  <migrationVersion>1</migrationVersion>
</recordTypeHaul>
