<?xml version="1.0" encoding="UTF-8"?>
<recordTypeHaul xmlns:a="http://www.appian.com/ae/types/2009" xmlns:xsi="http://www.w3.org/2001/XMLSchema-instance">
  <versionUuid>a2679009-8dbf-48ac-b7e1-298410ab98f4</versionUuid>
  <recordType a:uuid="c63eb646-a839-4d87-9050-0b8af446728a" name="NM Note">
    <a:pluralName>Notes</a:pluralName>
    <a:description/>
    <a:urlStub>rd6vHQ</a:urlStub>
    <a:source xsi:type="a:RecordsReplica"/>
    <a:listViewTemplateExpr>#"SYSTEM_SYSRULES_recordGridField"(
  columns: {
    #"SYSTEM_SYSRULES_gridColumn"(
      label: "Id",
      sortField: #"urn:appian:record-field:v1:c63eb646-a839-4d87-9050-0b8af446728a/c507f0aa-5991-4246-afc3-538c12dfe72c",
      value: #"SYSTEM_SYSRULES_richTextDisplayField"(
        value: {
          #"SYSTEM_SYSRULES_richTextItem_v1"(
            text: if(
              fv!row[#"urn:appian:record-field:v1:c63eb646-a839-4d87-9050-0b8af446728a/c507f0aa-5991-4246-afc3-538c12dfe72c"] &lt; 100000,
              text(
                fv!row[#"urn:appian:record-field:v1:c63eb646-a839-4d87-9050-0b8af446728a/c507f0aa-5991-4246-afc3-538c12dfe72c"],
                "#00000"
              ),
              fv!row[#"urn:appian:record-field:v1:c63eb646-a839-4d87-9050-0b8af446728a/c507f0aa-5991-4246-afc3-538c12dfe72c"]
            ),
            link: #"SYSTEM_SYSRULES_recordLink"(
              recordType: #"urn:appian:record-type:v1:c63eb646-a839-4d87-9050-0b8af446728a",
              identifier: fv!identifier
            ),
            linkStyle: "STANDALONE"
          )
        }
      )
    ),
    #"SYSTEM_SYSRULES_gridColumn"(
      label: "User Id",
      sortField: #"urn:appian:record-field:v1:c63eb646-a839-4d87-9050-0b8af446728a/136231f3-51c6-4a90-bf4e-217e0d3b6c87",
      value: a!defaultValue(fv!row[#"urn:appian:record-field:v1:c63eb646-a839-4d87-9050-0b8af446728a/136231f3-51c6-4a90-bf4e-217e0d3b6c87"], "–"),
      align: "END"
    ),
    #"SYSTEM_SYSRULES_gridColumn"(
      label: "Username",
      sortField: #"urn:appian:record-field:v1:c63eb646-a839-4d87-9050-0b8af446728a/d67c3536-7908-4e39-9f90-0e6556b65bac",
      value: a!defaultValue(fv!row[#"urn:appian:record-field:v1:c63eb646-a839-4d87-9050-0b8af446728a/d67c3536-7908-4e39-9f90-0e6556b65bac"], "–")
    ),
    #"SYSTEM_SYSRULES_gridColumn"(
      label: "Category",
      sortField: #"urn:appian:record-field:v1:c63eb646-a839-4d87-9050-0b8af446728a/2ed42a32-dc98-4029-ac04-ac925034ecc6",
      value: a!defaultValue(fv!row[#"urn:appian:record-field:v1:c63eb646-a839-4d87-9050-0b8af446728a/2ed42a32-dc98-4029-ac04-ac925034ecc6"], "–")
    ),
    #"SYSTEM_SYSRULES_gridColumn"(
      label: "Is Active",
      sortField: #"urn:appian:record-field:v1:c63eb646-a839-4d87-9050-0b8af446728a/51bf8652-0621-46e6-bce0-838563d16cce",
      value: if(
        isnull(fv!row[#"urn:appian:record-field:v1:c63eb646-a839-4d87-9050-0b8af446728a/51bf8652-0621-46e6-bce0-838563d16cce"]),
        "–",
        #"SYSTEM_SYSRULES_richTextDisplayField"(
          value: if(
            fv!row[#"urn:appian:record-field:v1:c63eb646-a839-4d87-9050-0b8af446728a/51bf8652-0621-46e6-bce0-838563d16cce"],
            #"SYSTEM_SYSRULES_richTextIcon"(
              icon: "check",
              altText: "Yes",
              color: "#138901"
            ),
            #"SYSTEM_SYSRULES_richTextIcon"(
              icon: "times",
              altText: "No",
              color: "SECONDARY"
            )
          )
        )
      ),
      align: "CENTER"
    )
  },
  pageSize: 50,
  borderStyle: "LIGHT",
  shadeAlternateRows: false
)</a:listViewTemplateExpr>
    <a:fieldCfg a:uuid="6d367953-57c8-4588-850c-9d2bd8caa9b2" name="PM users">
      <a:description/>
      <a:sourceRef>d8bbd493-bc7f-4f19-b656-f2a134b5761d/8b1d09f2-3f9d-4a82-98a0-6d3b0bfd3718</a:sourceRef>
      <a:isSortable>false</a:isSortable>
      <a:isSearchable>false</a:isSearchable>
      <a:isFacet>true</a:isFacet>
      <a:facetType>CUSTOM_BUCKETS_CLOSED</a:facetType>
      <a:isExclusiveFacet>true</a:isExclusiveFacet>
      <a:facetLabelExpr>"Users"</a:facetLabelExpr>
      <a:sortOrderIndex>0</a:sortOrderIndex>
      <a:facetOrderIndex>0</a:facetOrderIndex>
      <a:visibilityExpr/>
      <a:defaultOptionExpr/>
      <a:allowMultipleSelections>true</a:allowMultipleSelections>
      <a:relatedRecordFieldUuid>d8bbd493-bc7f-4f19-b656-f2a134b5761d/8b1d09f2-3f9d-4a82-98a0-6d3b0bfd3718</a:relatedRecordFieldUuid>
      <a:relatedRecordUserFilterSort>ASCENDING</a:relatedRecordUserFilterSort>
    </a:fieldCfg>
    <a:detailViewCfg>
      <a:nameExpr>#"SYSTEM_SYSRULES_rtd_getDefaultSummaryViewName"()</a:nameExpr>
      <a:uiExpr/>
      <a:visibilityExpr>=true()</a:visibilityExpr>
      <a:urlStub>summary</a:urlStub>
      <a:headerExpr/>
      <a:recordActionLaunchType>DIALOG</a:recordActionLaunchType>
      <a:recordUiSecurityType>EXPRESSION</a:recordUiSecurityType>
    </a:detailViewCfg>
    <a:isSystem>false</a:isSystem>
    <a:dataSrcExpr/>
    <a:facetsListExpr/>
    <a:titleExpr>rv!record[#"urn:appian:record-field:v1:c63eb646-a839-4d87-9050-0b8af446728a/d67c3536-7908-4e39-9f90-0e6556b65bac"]</a:titleExpr>
    <a:defaultFiltersExpr/>
    <a:layoutType>GRID</a:layoutType>
    <a:security>16383</a:security>
    <a:hideLatestNews>false</a:hideLatestNews>
    <a:hideNewsView>false</a:hideNewsView>
    <a:hideRelatedActionsView>false</a:hideRelatedActionsView>
    <a:isExportable>true</a:isExportable>
    <a:listViewSrcExpr/>
    <a:recordViewSrcExpr/>
    <a:recordRelationshipCfg>
      <uuid>d8bbd493-bc7f-4f19-b656-f2a134b5761d</uuid>
      <relationshipName>users</relationshipName>
      <targetRecordTypeUuid>71511ef6-5685-4f4d-8aac-f288feae9c06</targetRecordTypeUuid>
      <relationshipType>MANY_TO_ONE</relationshipType>
      <relationshipData>{"sourceRecordTypeFieldUuid":"136231f3-51c6-4a90-bf4e-217e0d3b6c87","targetRecordTypeFieldUuid":"b090c0ae-38b4-4c35-ba14-bfe39fd91e0a","relationshipOperator":"1","joinTableSourceField":"","joinTableTargetField":""}</relationshipData>
      <updateBehavior>NON_CASCADING</updateBehavior>
    </a:recordRelationshipCfg>
    <a:recordRelationshipCfg>
      <uuid>db36ebdc-5204-4b87-bee5-6cc8c53e53f1</uuid>
      <relationshipName>notesContent</relationshipName>
      <targetRecordTypeUuid>a6d3991e-5d84-4730-9788-84904f4c68dc</targetRecordTypeUuid>
      <relationshipType>ONE_TO_MANY</relationshipType>
      <relationshipData>{"sourceRecordTypeFieldUuid":"c507f0aa-5991-4246-afc3-538c12dfe72c","targetRecordTypeFieldUuid":"185e6257-4938-4703-a7f7-9a33b4d94523","relationshipOperator":"1","joinTableSourceField":"","joinTableTargetField":""}</relationshipData>
      <updateBehavior>CASCADING</updateBehavior>
    </a:recordRelationshipCfg>
    <a:recordTypeSearchCfg>
      <searchFieldsSrc>DEFAULT</searchFieldsSrc>
      <placeholderSrc>DEFAULT</placeholderSrc>
      <placeholder/>
    </a:recordTypeSearchCfg>
    <a:iconId/>
    <a:listAutoRefreshInterval>0.0</a:listAutoRefreshInterval>
    <a:sourceConfiguration>
      <sourceUuid>NM_NOTE@jdbc/Appian</sourceUuid>
      <sourceType>RDBMS_TABLE</sourceType>
      <sourceSubType>NONE</sourceSubType>
      <sourceContextExpr/>
      <friendlyName>NM_NOTE</friendlyName>
      <sourceFilterExpr/>
      <field>
        <uuid>c507f0aa-5991-4246-afc3-538c12dfe72c</uuid>
        <type>{http://www.appian.com/ae/types/2009}Integer</type>
        <sourceFieldName>ID</sourceFieldName>
        <sourceFieldType>INTEGER</sourceFieldType>
        <fieldName>id</fieldName>
        <displayName>Id</displayName>
        <isRecordId>true</isRecordId>
        <isUnique>true</isUnique>
        <isCustomField>false</isCustomField>
        <customFieldExpr/>
        <customFieldDefaultValueStr>null</customFieldDefaultValueStr>
        <fieldCalculationType>NA</fieldCalculationType>
        <fieldTemplateType>NA</fieldTemplateType>
        <recordFieldSecurityMembershipFilter/>
        <fieldFormat/>
        <isIndexable>false</isIndexable>
        <subType>NA</subType>
      </field>
      <field>
        <uuid>136231f3-51c6-4a90-bf4e-217e0d3b6c87</uuid>
        <type>{http://www.appian.com/ae/types/2009}Integer</type>
        <sourceFieldName>USER_ID</sourceFieldName>
        <sourceFieldType>INTEGER</sourceFieldType>
        <fieldName>userId</fieldName>
        <displayName>User Id</displayName>
        <isRecordId>false</isRecordId>
        <isUnique>false</isUnique>
        <isCustomField>false</isCustomField>
        <customFieldExpr/>
        <customFieldDefaultValueStr>null</customFieldDefaultValueStr>
        <fieldCalculationType>NA</fieldCalculationType>
        <fieldTemplateType>NA</fieldTemplateType>
        <recordFieldSecurityMembershipFilter/>
        <fieldFormat/>
        <isIndexable>false</isIndexable>
        <subType>NA</subType>
      </field>
      <field>
        <uuid>d67c3536-7908-4e39-9f90-0e6556b65bac</uuid>
        <type>{http://www.appian.com/ae/types/2009}Text</type>
        <sourceFieldName>USERNAME</sourceFieldName>
        <sourceFieldType>VARCHAR(255)</sourceFieldType>
        <fieldName>username</fieldName>
        <displayName>Username</displayName>
        <isRecordId>false</isRecordId>
        <isUnique>false</isUnique>
        <isCustomField>false</isCustomField>
        <customFieldExpr/>
        <customFieldDefaultValueStr>null</customFieldDefaultValueStr>
        <fieldCalculationType>NA</fieldCalculationType>
        <fieldTemplateType>NA</fieldTemplateType>
        <recordFieldSecurityMembershipFilter/>
        <fieldFormat/>
        <isIndexable>false</isIndexable>
        <subType>NA</subType>
      </field>
      <field>
        <uuid>7a2fa401-ded5-44b9-a6a9-855e80ea4644</uuid>
        <type>{http://www.appian.com/ae/types/2009}Text</type>
        <sourceFieldName>TITLE</sourceFieldName>
        <sourceFieldType>VARCHAR(4000)</sourceFieldType>
        <fieldName>title</fieldName>
        <displayName>Title</displayName>
        <isRecordId>false</isRecordId>
        <isUnique>false</isUnique>
        <isCustomField>false</isCustomField>
        <customFieldExpr/>
        <customFieldDefaultValueStr>null</customFieldDefaultValueStr>
        <fieldCalculationType>NA</fieldCalculationType>
        <fieldTemplateType>NA</fieldTemplateType>
        <recordFieldSecurityMembershipFilter/>
        <fieldFormat/>
        <isIndexable>false</isIndexable>
        <subType>NA</subType>
      </field>
      <field>
        <uuid>096b9d38-c3bf-4980-a1dd-200342642fd5</uuid>
        <type>{http://www.appian.com/ae/types/2009}Text</type>
        <sourceFieldName>SUMMARY</sourceFieldName>
        <sourceFieldType>LONGVARCHAR(65535)</sourceFieldType>
        <fieldName>summary</fieldName>
        <displayName>Summary</displayName>
        <isRecordId>false</isRecordId>
        <isUnique>false</isUnique>
        <isCustomField>false</isCustomField>
        <customFieldExpr/>
        <customFieldDefaultValueStr>null</customFieldDefaultValueStr>
        <fieldCalculationType>NA</fieldCalculationType>
        <fieldTemplateType>NA</fieldTemplateType>
        <recordFieldSecurityMembershipFilter/>
        <fieldFormat/>
        <isIndexable>false</isIndexable>
        <subType>XL_TEXT</subType>
      </field>
      <field>
        <uuid>2ed42a32-dc98-4029-ac04-ac925034ecc6</uuid>
        <type>{http://www.appian.com/ae/types/2009}Text</type>
        <sourceFieldName>CATEGORY</sourceFieldName>
        <sourceFieldType>VARCHAR(255)</sourceFieldType>
        <fieldName>category</fieldName>
        <displayName>Category</displayName>
        <isRecordId>false</isRecordId>
        <isUnique>false</isUnique>
        <isCustomField>false</isCustomField>
        <customFieldExpr/>
        <customFieldDefaultValueStr>null</customFieldDefaultValueStr>
        <fieldCalculationType>NA</fieldCalculationType>
        <fieldTemplateType>NA</fieldTemplateType>
        <recordFieldSecurityMembershipFilter/>
        <fieldFormat/>
        <isIndexable>false</isIndexable>
        <subType>NA</subType>
      </field>
      <field>
        <uuid>ebbba382-cd52-41c4-9abb-fe98b1015165</uuid>
        <type>{http://www.appian.com/ae/types/2009}Text</type>
        <sourceFieldName>CREATED_BY</sourceFieldName>
        <sourceFieldType>VARCHAR(255)</sourceFieldType>
        <fieldName>createdBy</fieldName>
        <displayName>Created By</displayName>
        <isRecordId>false</isRecordId>
        <isUnique>false</isUnique>
        <isCustomField>false</isCustomField>
        <customFieldExpr/>
        <customFieldDefaultValueStr>null</customFieldDefaultValueStr>
        <fieldCalculationType>NA</fieldCalculationType>
        <fieldTemplateType>NA</fieldTemplateType>
        <recordFieldSecurityMembershipFilter/>
        <fieldFormat/>
        <fieldMetaData a:uuid="395eaae2-1019-4f07-9cac-e1ab0b772f2b">
          <a:metaDataType>1</a:metaDataType>
          <a:metaDataExpression/>
        </fieldMetaData>
        <fieldMetaData a:uuid="6c392259-7bb6-49b3-b1ab-839b9e8107a5">
          <a:metaDataType>2</a:metaDataType>
          <a:metaDataExpression/>
        </fieldMetaData>
        <fieldMetaData a:uuid="ba5dc62f-dfec-4f7d-a41b-84e73f53dad0">
          <a:metaDataType>3</a:metaDataType>
          <a:metaDataExpression/>
        </fieldMetaData>
        <fieldMetaData a:uuid="33c9c2f5-4a48-4a25-b309-7b45fa030020">
          <a:metaDataType>4</a:metaDataType>
          <a:metaDataExpression/>
        </fieldMetaData>
        <isIndexable>false</isIndexable>
        <subType>NA</subType>
      </field>
      <field>
        <uuid>081707c0-1f8b-4f5a-a454-5ff3b577956f</uuid>
        <type>{http://www.appian.com/ae/types/2009}Datetime</type>
        <sourceFieldName>CREATED_ON</sourceFieldName>
        <sourceFieldType>TIMESTAMP</sourceFieldType>
        <fieldName>createdOn</fieldName>
        <displayName>Created On</displayName>
        <isRecordId>false</isRecordId>
        <isUnique>false</isUnique>
        <isCustomField>false</isCustomField>
        <customFieldExpr/>
        <customFieldDefaultValueStr>null</customFieldDefaultValueStr>
        <fieldCalculationType>NA</fieldCalculationType>
        <fieldTemplateType>NA</fieldTemplateType>
        <recordFieldSecurityMembershipFilter/>
        <fieldFormat/>
        <isIndexable>false</isIndexable>
        <subType>NA</subType>
      </field>
      <field>
        <uuid>0dda4479-b6f6-408c-9592-842ba68e0e17</uuid>
        <type>{http://www.appian.com/ae/types/2009}Text</type>
        <sourceFieldName>MODIFIED_BY</sourceFieldName>
        <sourceFieldType>VARCHAR(255)</sourceFieldType>
        <fieldName>modifiedBy</fieldName>
        <displayName>Modified By</displayName>
        <isRecordId>false</isRecordId>
        <isUnique>false</isUnique>
        <isCustomField>false</isCustomField>
        <customFieldExpr/>
        <customFieldDefaultValueStr>null</customFieldDefaultValueStr>
        <fieldCalculationType>NA</fieldCalculationType>
        <fieldTemplateType>NA</fieldTemplateType>
        <recordFieldSecurityMembershipFilter/>
        <fieldFormat/>
        <fieldMetaData a:uuid="c357cc50-877f-488e-8f8d-1f7491998fb9">
          <a:metaDataType>1</a:metaDataType>
          <a:metaDataExpression/>
        </fieldMetaData>
        <fieldMetaData a:uuid="e95f9255-e771-4ce3-b750-dead4327c982">
          <a:metaDataType>2</a:metaDataType>
          <a:metaDataExpression/>
        </fieldMetaData>
        <fieldMetaData a:uuid="f382ac88-b21a-48a1-ac46-a7fed1bf3c5e">
          <a:metaDataType>3</a:metaDataType>
          <a:metaDataExpression/>
        </fieldMetaData>
        <fieldMetaData a:uuid="8bd9bb31-13d1-4fe2-b9b3-0859b1d687e0">
          <a:metaDataType>4</a:metaDataType>
          <a:metaDataExpression/>
        </fieldMetaData>
        <isIndexable>false</isIndexable>
        <subType>NA</subType>
      </field>
      <field>
        <uuid>b6b317ba-294e-4f5e-b322-e2224960a072</uuid>
        <type>{http://www.appian.com/ae/types/2009}Datetime</type>
        <sourceFieldName>MODIFIED_ON</sourceFieldName>
        <sourceFieldType>TIMESTAMP</sourceFieldType>
        <fieldName>modifiedOn</fieldName>
        <displayName>Modified On</displayName>
        <isRecordId>false</isRecordId>
        <isUnique>false</isUnique>
        <isCustomField>false</isCustomField>
        <customFieldExpr/>
        <customFieldDefaultValueStr>null</customFieldDefaultValueStr>
        <fieldCalculationType>NA</fieldCalculationType>
        <fieldTemplateType>NA</fieldTemplateType>
        <recordFieldSecurityMembershipFilter/>
        <fieldFormat/>
        <isIndexable>false</isIndexable>
        <subType>NA</subType>
      </field>
      <field>
        <uuid>51bf8652-0621-46e6-bce0-838563d16cce</uuid>
        <type>{http://www.appian.com/ae/types/2009}Boolean</type>
        <sourceFieldName>IS_ACTIVE</sourceFieldName>
        <sourceFieldType>BIT</sourceFieldType>
        <fieldName>isActive</fieldName>
        <displayName>Is Active</displayName>
        <isRecordId>false</isRecordId>
        <isUnique>false</isUnique>
        <isCustomField>false</isCustomField>
        <customFieldExpr/>
        <customFieldDefaultValueStr>null</customFieldDefaultValueStr>
        <fieldCalculationType>NA</fieldCalculationType>
        <fieldTemplateType>NA</fieldTemplateType>
        <recordFieldSecurityMembershipFilter/>
        <fieldFormat/>
        <isIndexable>false</isIndexable>
        <subType>NA</subType>
      </field>
      <uuid>5994d37b-46d0-4f94-a3ef-19106d0e336e</uuid>
      <refreshSchedule>
        <frequency>DAILY</frequency>
        <value>{"hour":3,"minute":"00","amPM":"AM","timeZone":"IST","version":"v1"}</value>
        <activated>false</activated>
      </refreshSchedule>
      <skipFailureEnabled>true</skipFailureEnabled>
      <recordIdGeneratorUuid/>
    </a:sourceConfiguration>
    <a:enabledFeatures>511</a:enabledFeatures>
    <a:isVisibleInRecordTypeList>false</a:isVisibleInRecordTypeList>
    <a:recordActionLaunchType>DIALOG</a:recordActionLaunchType>
    <a:showSearchBox>true</a:showSearchBox>
    <a:isVisibleInDataFabric>false</a:isVisibleInDataFabric>
    <a:usesRollingSyncLimit>false</a:usesRollingSyncLimit>
    <a:usesRecoverySync>false</a:usesRecoverySync>
    <a:isScheduledIndexingEnabled>false</a:isScheduledIndexingEnabled>
  </recordType>
  <roleMap>
    <role name="record_type_administrator">
      <users/>
      <groups>
        <groupUuid>d278427a-b619-49e3-a88d-61462bb98ec9</groupUuid>
      </groups>
    </role>
    <role name="record_type_viewer">
      <users/>
      <groups>
        <groupUuid>731a6341-e12a-4921-add6-7a8746eb6378</groupUuid>
      </groups>
    </role>
  </roleMap>
  <history>
    <historyInfo versionUuid="0c63dc34-9219-44f4-8478-17566347b969"/>
    <historyInfo versionUuid="a7d964e6-1387-4e77-8af3-4602185d8907"/>
    <historyInfo versionUuid="a2679009-8dbf-48ac-b7e1-298410ab98f4"/>
  </history>
  <migrationVersion>1</migrationVersion>
</recordTypeHaul>
