<?xml version="1.0" encoding="UTF-8" standalone="yes"?>
<webApiHaul xmlns:a="http://www.appian.com/ae/types/2009">
    <versionUuid>adefaeb5-c1f0-43b3-80a2-f31cea2777cc</versionUuid>
    <webApi a:uuid="2c9e840b-5481-45b0-beb4-4f23241b06f0" name="NM Write and Update Users">
        <a:description></a:description>
        <a:expression>a!localVariables(
  local!request: cast(194, #"SYSTEM_SYSRULES_fromJson_v1"(http!request.body)),
  if(
    #"_a-0000edf4-91d0-8000-9cdd-011c48011c48_2387246"(local!request),
    #"SYSTEM_SYSRULES_httpResponse_v1"(
      statusCode: 500,
      body: { message: "User data is empty" }
    ),
    #"SYSTEM_SYSRULES_writeRecords_v2"(
      records: cast(
        #"urn:appian:record-type:v1:71511ef6-5685-4f4d-8aac-f288feae9c06",
        #"urn:appian:function:v1:a:update"(
          local!request[1],
          a!flatten(
            {
              if(
                #"_a-0000edf4-91d0-8000-9cdd-011c48011c48_2387246"(index(local!request, "password", null)),
                {},
                "hashPassword"
              ),
              if(
                #"_a-0000edf4-91d0-8000-9cdd-011c48011c48_2387246"(index(local!request, "id", null)),
                { "createdBy", "createdOn" },
                { "modifiedBy", "modifiedOn" }
              ),
              "isActive"
            }
          ),
          a!flatten(
            {
              if(
                #"_a-0000edf4-91d0-8000-9cdd-011c48011c48_2387246"(index(local!request, "password", null)),
                {},
                index(local!request, "password", null)
              ),
              loggedInUser(),
              now(),
              #"_a-0000edf4-91d0-8000-9cdd-011c48011c48_2387315"(
                nullableValue: index(local!request, "isActive", null),
                replacementValue: true
              )
            }
          )
        )
      ),
      onSuccess: #"SYSTEM_SYSRULES_httpResponse_v1"(
        statusCode: 200,
        body: #"SYSTEM_SYSRULES_toJson_v1"(fv!recordsUpdated[1])
      ),
      onError: #"SYSTEM_SYSRULES_httpResponse_v1"(
        statusCode: 500,
        body: { message: tostring(fv!error) }
      )
    )
  )
)</a:expression>
        <a:urlAlias>writeAndUpdateUsers</a:urlAlias>
        <a:httpMethod>POST</a:httpMethod>
        <a:system>false</a:system>
        <a:requestBodyType>NONE</a:requestBodyType>
        <a:loggingEnabled>false</a:loggingEnabled>
    </webApi>
    <roleMap>
        <role name="web_api_administrator">
            <users/>
            <groups>
                <groupUuid>d278427a-b619-49e3-a88d-61462bb98ec9</groupUuid>
            </groups>
        </role>
        <role name="web_api_viewer">
            <users/>
            <groups>
                <groupUuid>731a6341-e12a-4921-add6-7a8746eb6378</groupUuid>
            </groups>
        </role>
    </roleMap>
    <typedValue>
        <type>
            <name>WebApiRequest?list</name>
            <namespace>http://www.appian.com/ae/types/2009</namespace>
        </type>
        <value>
            <el>
                <a:path/>
                <a:body>{"username":"prasanna","password":"Sdfsdfsdfsdfsd"}</a:body>
            </el>
        </value>
    </typedValue>
    <history>
        <historyInfo versionUuid="9cd64656-9c5b-4007-b4d4-d614cddf40fb"/>
        <historyInfo versionUuid="c8979400-e3f9-47d9-b0b7-4e048be1e39b"/>
        <historyInfo versionUuid="eaf4c888-31de-4b70-86a3-32c063539001"/>
        <historyInfo versionUuid="adefaeb5-c1f0-43b3-80a2-f31cea2777cc"/>
    </history>
</webApiHaul>
