<?xml version="1.0" encoding="UTF-8" standalone="yes"?>
<webApiHaul xmlns:a="http://www.appian.com/ae/types/2009">
    <versionUuid>8378b461-6b0b-44f7-89a7-3785656bdaa1</versionUuid>
    <webApi a:uuid="4127bfa3-1541-483a-a037-70b607257c69" name="NM Generate Note Document">
        <a:description>API to generate Note Document</a:description>
        <a:expression>if(
  #"_a-0000edf4-91d0-8000-9cdd-011c48011c48_2387246"(
    index(
      http!request.queryParameters,
      "noteId",
      null
    )
  ),
  #"SYSTEM_SYSRULES_httpResponse_v1"(
    statusCode: 500,
    body: { error: "Please provide Note ID" }
  ),
  #"SYSTEM_SYSRULES_startProcess3"(
    processModel: #"_a-0000edf4-91d0-8000-9cdd-011c48011c48_2372329"[4],
    isSynchronous: true,
    processParameters: {
      noteId: index(
        http!request.queryParameters,
        "noteId",
        null
      )
    },
    onSuccess: a!localVariables(
      local!document: cast(
        13,
        index(fv!processInfo.pv, "pdfDocument", null)
      ),
      #"SYSTEM_SYSRULES_httpResponse_v1"(
        statusCode: 200,
        headers: {
          #"SYSTEM_SYSRULES_httpHeader"(
            name: "Content-Disposition",
            value: concat(
              "attachment;filename=",
              document(local!document, "name")
            )
          )
        },
        body: local!document
      )
    ),
    onError: #"SYSTEM_SYSRULES_httpResponse_v1"(
      statusCode: 500,
      body: {
        error: "An error while executing the process."
      }
    ),
    onIncomplete: #"SYSTEM_SYSRULES_httpResponse_v1"(
      statusCode: 500,
      body: {
        error: "Process stopped by an exception or got errored out."
      }
    )
  )
)</a:expression>
        <a:urlAlias>generateNote</a:urlAlias>
        <a:httpMethod>POST</a:httpMethod>
        <a:system>false</a:system>
        <a:requestBodyType>NONE</a:requestBodyType>
        <a:loggingEnabled>false</a:loggingEnabled>
    </webApi>
    <roleMap>
        <role name="web_api_administrator">
            <users/>
            <groups>
                <groupUuid>d278427a-b619-49e3-a88d-61462bb98ec9</groupUuid>
            </groups>
        </role>
        <role name="web_api_viewer">
            <users/>
            <groups>
                <groupUuid>731a6341-e12a-4921-add6-7a8746eb6378</groupUuid>
            </groups>
        </role>
    </roleMap>
    <typedValue>
        <type>
            <name>WebApiRequest?list</name>
            <namespace>http://www.appian.com/ae/types/2009</namespace>
        </type>
        <value>
            <el>
                <a:path/>
                <a:body/>
            </el>
        </value>
    </typedValue>
    <history>
        <historyInfo versionUuid="8378b461-6b0b-44f7-89a7-3785656bdaa1"/>
    </history>
</webApiHaul>
