<?xml version="1.0" encoding="UTF-8" standalone="yes"?>
<webApiHaul xmlns:a="http://www.appian.com/ae/types/2009">
    <versionUuid>37611db0-f73e-42ec-949f-28521029e8f1</versionUuid>
    <webApi a:uuid="657fef52-901d-46e8-9227-515493c117a3" name="NM Session Question and Answer">
        <a:description>API to write question and get response</a:description>
        <a:expression>a!localVariables(
  local!request: if(
    #"_a-0000edf4-91d0-8000-9cdd-011c48011c48_2387246"(http!request.body),
    {},
    #"SYSTEM_SYSRULES_fromJson_v1"(http!request.body)
  ),
  if(
    #"_a-0000edf4-91d0-8000-9cdd-011c48011c48_2387246"(local!request),
    #"SYSTEM_SYSRULES_httpResponse_v1"(
      statusCode: 500,
      body: { message: "Content is empty" }
    ),
    if(
      #"_a-0000edf4-91d0-8000-9cdd-011c48011c48_2387246"(index(local!request, "question", null)),
      #"SYSTEM_SYSRULES_httpResponse_v1"(
        statusCode: 500,
        body: { message: "Please provide a question." }
      ),
      #"SYSTEM_SYSRULES_startProcess3"(
        processModel: #"_a-0000edf4-91d0-8000-9cdd-011c48011c48_2372329"[3],
        isSynchronous: true,
        processParameters: {
          username: local!request.username,
          question: local!request.question
        },
        onSuccess: #"SYSTEM_SYSRULES_httpResponse_v1"(
          statusCode: 200,
          body: #"SYSTEM_SYSRULES_toJson_v1"(
            {
              question: local!request.question,
              answer: fv!processInfo.pv.response,
              id: index(
                fv!processInfo.pv.chatData,
                #"urn:appian:record-field:v1:588418e8-896b-42a0-9948-b8099f211025/40d60006-d51e-4c2b-aefa-2a7227f2127b",
                null
              )
            }
          )
        ),
        onError: #"SYSTEM_SYSRULES_httpResponse_v1"(
          statusCode: 500,
          body: {
            error: "An error while executing the process."
          }
        ),
        onIncomplete: #"SYSTEM_SYSRULES_httpResponse_v1"(
          statusCode: 500,
          body: {
            error: "Process stopped by an exception or got errored out."
          }
        )
      )
    )
  )
)</a:expression>
        <a:urlAlias>writeQuestionAndGetAnswer</a:urlAlias>
        <a:httpMethod>POST</a:httpMethod>
        <a:system>false</a:system>
        <a:requestBodyType>NONE</a:requestBodyType>
        <a:loggingEnabled>false</a:loggingEnabled>
    </webApi>
    <roleMap>
        <role name="web_api_administrator">
            <users/>
            <groups>
                <groupUuid>d278427a-b619-49e3-a88d-61462bb98ec9</groupUuid>
            </groups>
        </role>
        <role name="web_api_viewer">
            <users/>
            <groups>
                <groupUuid>731a6341-e12a-4921-add6-7a8746eb6378</groupUuid>
            </groups>
        </role>
    </roleMap>
    <typedValue>
        <type>
            <name>WebApiRequest?list</name>
            <namespace>http://www.appian.com/ae/types/2009</namespace>
        </type>
        <value>
            <el>
                <a:path/>
                <a:body>{"username":"prasanna.logantha@xebia.com","question":"What is the timing for Goa flight booking?"}</a:body>
            </el>
        </value>
    </typedValue>
    <history>
        <historyInfo versionUuid="37611db0-f73e-42ec-949f-28521029e8f1"/>
    </history>
</webApiHaul>
