<?xml version="1.0" encoding="UTF-8" standalone="yes"?>
<webApiHaul xmlns:a="http://www.appian.com/ae/types/2009">
    <versionUuid>2977e1d9-496f-481f-a4e0-45b7294cfe26</versionUuid>
    <webApi a:uuid="90fa447a-e162-4e4f-9bdd-70a411bfad83" name="NM Get Notes Data">
        <a:description></a:description>
        <a:expression>if(
  #"_a-0000edf4-91d0-8000-9cdd-011c48011c48_2387246"(http!request.queryParameters),
  #"SYSTEM_SYSRULES_httpResponse_v1"(
    statusCode: 500,
    body: { error: "Please provide any parameters" }
  ),
  a!localVariables(
    local!queryParameters: http!request.queryParameters,
    local!notesData: a!match(
      value: tostring(
        index(local!queryParameters, "TYPE", null)
      ),
      equals: "NOTES",
      then: #"_a-0000edf4-91d0-8000-9cdd-011c48011c48_2372468"(queryParameters: local!queryParameters),
      equals: "SUB_CONTENT",
      then: #"_a-0000edf4-91d0-8000-9cdd-011c48011c48_2372524"(queryParameters: local!queryParameters),
      default: {}
    ),
    #"SYSTEM_SYSRULES_httpResponse_v1"(
      statusCode: 200,
      body: #"SYSTEM_SYSRULES_toJson_v1"(local!notesData)
    )
  )
)</a:expression>
        <a:urlAlias>getNotesData</a:urlAlias>
        <a:httpMethod>GET</a:httpMethod>
        <a:system>false</a:system>
        <a:requestBodyType>NONE</a:requestBodyType>
        <a:loggingEnabled>false</a:loggingEnabled>
    </webApi>
    <roleMap>
        <role name="web_api_administrator">
            <users/>
            <groups>
                <groupUuid>d278427a-b619-49e3-a88d-61462bb98ec9</groupUuid>
            </groups>
        </role>
        <role name="web_api_viewer">
            <users/>
            <groups>
                <groupUuid>731a6341-e12a-4921-add6-7a8746eb6378</groupUuid>
            </groups>
        </role>
    </roleMap>
    <typedValue>
        <type>
            <name>WebApiRequest?list</name>
            <namespace>http://www.appian.com/ae/types/2009</namespace>
        </type>
        <value>
            <el>
                <a:path/>
                <a:body/>
            </el>
        </value>
    </typedValue>
    <history>
        <historyInfo versionUuid="669faf0a-5801-4523-b9e8-d7c5f7ea0e5e"/>
        <historyInfo versionUuid="f08c04f9-5e11-4985-a288-0ff4babc9bb5"/>
        <historyInfo versionUuid="13966b1d-1a12-4a2f-b8a2-aba99137e4c4"/>
        <historyInfo versionUuid="2977e1d9-496f-481f-a4e0-45b7294cfe26"/>
    </history>
</webApiHaul>
