<?xml version="1.0" encoding="UTF-8" standalone="yes"?>
<webApiHaul xmlns:a="http://www.appian.com/ae/types/2009">
    <versionUuid>073dc6be-886a-4e98-8fa2-7ece088ee9e4</versionUuid>
    <webApi a:uuid="c50f50eb-6e67-44cb-b7b9-3a38b634bf61" name="NM Create Note Via Document">
        <a:description></a:description>
        <a:expression>a!localVariables(
  local!request: http!request.body,
  local!username: index(http!request.headers, "username", null),
  if(
    #"_a-0000edf4-91d0-8000-9cdd-011c48011c48_2387246"(local!request),
    #"SYSTEM_SYSRULES_httpResponse_v1"(
      statusCode: 500,
      body: { message: "Content is empty" }
    ),
    if(
      #"_a-0000edf4-91d0-8000-9cdd-011c48011c48_2387246"(local!username),
      #"SYSTEM_SYSRULES_httpResponse_v1"(
        statusCode: 500,
        body: { message: "Username is not provided" }
      ),
      #"SYSTEM_SYSRULES_startProcess3"(
        processModel: #"_a-0000edf4-91d0-8000-9cdd-011c48011c48_2372329"[2],
        isSynchronous: true,
        processParameters: {
          username: local!username,
          document: todocument(http!request.body)
        },
        onSuccess: #"SYSTEM_SYSRULES_httpResponse_v1"(
          statusCode: 200,
          body: a!localVariables(
            local!notes: fv!processInfo.pv.notes,
            #"SYSTEM_SYSRULES_toJson_v1"(
              'type!{urn:com:appian:types:PM}PM_TemporaryNotes'(
                id: index(
                  local!notes,
                  #"urn:appian:record-field:v1:c63eb646-a839-4d87-9050-0b8af446728a/c507f0aa-5991-4246-afc3-538c12dfe72c",
                  null
                ),
                username: local!username,
                title: index(
                  local!notes,
                  #"urn:appian:record-field:v1:c63eb646-a839-4d87-9050-0b8af446728a/7a2fa401-ded5-44b9-a6a9-855e80ea4644",
                  null
                ),
                category: index(
                  local!notes,
                  #"urn:appian:record-field:v1:c63eb646-a839-4d87-9050-0b8af446728a/2ed42a32-dc98-4029-ac04-ac925034ecc6",
                  null
                ),
                summary: index(
                  local!notes,
                  #"urn:appian:record-field:v1:c63eb646-a839-4d87-9050-0b8af446728a/096b9d38-c3bf-4980-a1dd-200342642fd5",
                  null
                ),
                modifiedOn: index(
                  local!notes,
                  #"urn:appian:record-field:v1:c63eb646-a839-4d87-9050-0b8af446728a/b6b317ba-294e-4f5e-b322-e2224960a072",
                  null
                ),
                isActive: index(
                  local!notes,
                  #"urn:appian:record-field:v1:c63eb646-a839-4d87-9050-0b8af446728a/51bf8652-0621-46e6-bce0-838563d16cce",
                  null
                )
              )
            )
          )
        ),
        onError: #"SYSTEM_SYSRULES_httpResponse_v1"(
          statusCode: 500,
          body: {
            error: "An error while executing the process."
          }
        ),
        onIncomplete: #"SYSTEM_SYSRULES_httpResponse_v1"(
          statusCode: 500,
          body: {
            error: "Process stopped by an exception or got errored out."
          }
        )
      )
    )
  )
)</a:expression>
        <a:urlAlias>createNoteUploadDocument</a:urlAlias>
        <a:httpMethod>POST</a:httpMethod>
        <a:system>false</a:system>
        <a:requestBodyType>BINARY</a:requestBodyType>
        <a:receiveDocumentsFolderUuid>d8541414-7e58-474f-b758-69c69f6b0f50</a:receiveDocumentsFolderUuid>
        <a:loggingEnabled>false</a:loggingEnabled>
    </webApi>
    <roleMap>
        <role name="web_api_administrator">
            <users/>
            <groups>
                <groupUuid>d278427a-b619-49e3-a88d-61462bb98ec9</groupUuid>
            </groups>
        </role>
        <role name="web_api_viewer">
            <users/>
            <groups>
                <groupUuid>731a6341-e12a-4921-add6-7a8746eb6378</groupUuid>
            </groups>
        </role>
    </roleMap>
    <typedValue>
        <type>
            <name>WebApiRequest?list</name>
            <namespace>http://www.appian.com/ae/types/2009</namespace>
        </type>
        <value>
            <el>
                <a:path/>
                <a:body/>
            </el>
        </value>
    </typedValue>
    <history>
        <historyInfo versionUuid="57b8ccf4-3b31-4a34-ad3a-3a84601b7fac"/>
        <historyInfo versionUuid="ae3066c2-321e-4239-a58f-cf037670b936"/>
        <historyInfo versionUuid="d217b306-f92a-4c99-b772-4cc37bf34d19"/>
        <historyInfo versionUuid="073dc6be-886a-4e98-8fa2-7ece088ee9e4"/>
    </history>
</webApiHaul>
