<?xml version="1.0" encoding="UTF-8" standalone="yes"?>
<webApiHaul xmlns:a="http://www.appian.com/ae/types/2009">
    <versionUuid>3bc6be7d-175e-4e02-a228-250e76fe1a00</versionUuid>
    <webApi a:uuid="d8b39d66-9790-458b-b218-435cecf38f59" name="NM Get User data">
        <a:description></a:description>
        <a:expression>if(
  #"_a-0000edf4-91d0-8000-9cdd-011c48011c48_2387246"(http!request.queryParameters),
  #"SYSTEM_SYSRULES_httpResponse_v1"(
    statusCode: 500,
    body: {
      message: "Please provide any user parameters"
    }
  ),
  a!localVariables(
    local!request: http!request.queryParameters,
    local!data: #"_a-0000edf4-91d0-8000-9cdd-011c48011c48_2371767"(
      id: index(local!request, "id", null),
      username: index(local!request, "username", null),
      isActive: index(local!request, "isActive", null)
    ).data,
    #"SYSTEM_SYSRULES_httpResponse_v1"(
      statusCode: 200,
      body: #"SYSTEM_SYSRULES_toJson_v1"(local!data)
    )
  )
)</a:expression>
        <a:urlAlias>getUsers</a:urlAlias>
        <a:httpMethod>GET</a:httpMethod>
        <a:system>false</a:system>
        <a:requestBodyType>NONE</a:requestBodyType>
        <a:loggingEnabled>false</a:loggingEnabled>
    </webApi>
    <roleMap>
        <role name="web_api_administrator">
            <users/>
            <groups>
                <groupUuid>d278427a-b619-49e3-a88d-61462bb98ec9</groupUuid>
            </groups>
        </role>
        <role name="web_api_viewer">
            <users/>
            <groups>
                <groupUuid>731a6341-e12a-4921-add6-7a8746eb6378</groupUuid>
            </groups>
        </role>
    </roleMap>
    <typedValue>
        <type>
            <name>WebApiRequest?list</name>
            <namespace>http://www.appian.com/ae/types/2009</namespace>
        </type>
        <value>
            <el>
                <a:path/>
                <a:queryParameters>
                    <a:name>username</a:name>
                    <a:value>Priya</a:value>
                </a:queryParameters>
                <a:queryParameters>
                    <a:name>isActive</a:name>
                    <a:value>true</a:value>
                </a:queryParameters>
                <a:body/>
            </el>
        </value>
    </typedValue>
    <history>
        <historyInfo versionUuid="dcdc9b7e-80a5-4817-b251-e4d9c9c38e9e"/>
        <historyInfo versionUuid="f2f5fa4c-27a0-40ec-a816-95ad01bcf77e"/>
        <historyInfo versionUuid="5b13054c-5746-423b-9661-074bd1595cb9"/>
        <historyInfo versionUuid="3bc6be7d-175e-4e02-a228-250e76fe1a00"/>
    </history>
</webApiHaul>
