<?xml version="1.0" encoding="UTF-8" standalone="yes"?>
<webApiHaul xmlns:a="http://www.appian.com/ae/types/2009">
    <versionUuid>06a34301-0ca5-44c3-83c9-257156d75c1c</versionUuid>
    <webApi a:uuid="f4d720c3-4139-4686-92e8-0d5e3d6a7d9e" name="NM Get Chat Data">
        <a:description></a:description>
        <a:expression>if(
  #"_a-0000edf4-91d0-8000-9cdd-011c48011c48_2387246"(http!request.queryParameters),
  #"SYSTEM_SYSRULES_httpResponse_v1"(
    statusCode: 500,
    body: { error: "Please provide any parameters" }
  ),
  a!localVariables(
    local!queryParameters: http!request.queryParameters,
    local!data: #"_a-0000ee06-fefb-8000-9c6d-011c48011c48_6123985"(
      id: index(local!queryParameters, "id", null),
      userId: index(local!queryParameters, "userId", null),
      fields: {
        #"urn:appian:record-field:v1:588418e8-896b-42a0-9948-b8099f211025/ab723020-5cd2-455d-b5a2-c2aa28554136",
        #"urn:appian:record-field:v1:588418e8-896b-42a0-9948-b8099f211025/8c10ddea-7828-4e89-8333-0ab219f4873f"
      },
      isActive: index(local!queryParameters, "isActive", null)
    ).data,
    #"SYSTEM_SYSRULES_httpResponse_v1"(
      statusCode: 200,
      body: #"SYSTEM_SYSRULES_toJson_v1"(local!data)
    )
  )
)</a:expression>
        <a:urlAlias>getChatData</a:urlAlias>
        <a:httpMethod>GET</a:httpMethod>
        <a:system>false</a:system>
        <a:requestBodyType>NONE</a:requestBodyType>
        <a:loggingEnabled>false</a:loggingEnabled>
    </webApi>
    <roleMap>
        <role name="web_api_administrator">
            <users/>
            <groups>
                <groupUuid>d278427a-b619-49e3-a88d-61462bb98ec9</groupUuid>
            </groups>
        </role>
        <role name="web_api_viewer">
            <users/>
            <groups>
                <groupUuid>731a6341-e12a-4921-add6-7a8746eb6378</groupUuid>
            </groups>
        </role>
    </roleMap>
    <typedValue>
        <type>
            <name>WebApiRequest?list</name>
            <namespace>http://www.appian.com/ae/types/2009</namespace>
        </type>
        <value>
            <el>
                <a:path/>
                <a:queryParameters>
                    <a:name>userId</a:name>
                    <a:value>1</a:value>
                </a:queryParameters>
                <a:body/>
            </el>
        </value>
    </typedValue>
    <history>
        <historyInfo versionUuid="06a34301-0ca5-44c3-83c9-257156d75c1c"/>
    </history>
</webApiHaul>
