<?xml version="1.0" encoding="UTF-8" standalone="yes"?>
<groupHaul xmlns:a="http://www.appian.com/ae/types/2009">
    <versionUuid>d278427a-b619-49e3-a88d-61462bb98ec9</versionUuid>
    <group>
        <name>NM Administrators</name>
        <securityMap>SECURITYMAP_TEAM</securityMap>
        <uuid>d278427a-b619-49e3-a88d-61462bb98ec9</uuid>
        <groupTypeUuid>SYSTEM_GROUP_TYPE_CUSTOM</groupTypeUuid>
        <description>Assigns Administrator permissions to users for objects in the application</description>
        <delegatedCreation>false</delegatedCreation>
        <memberPolicy>MEMBERPOLICY_CLOSED</memberPolicy>
        <viewingPolicy>VIEWINGPOLICY_LOW</viewingPolicy>
        <attributes/>
    </group>
    <members>
        <users/>
        <groups/>
    </members>
    <admins>
        <users/>
        <groups>
            <groupUuid>d278427a-b619-49e3-a88d-61462bb98ec9</groupUuid>
        </groups>
    </admins>
    <ruleSet/>
    <history>
        <historyInfo versionUuid="d278427a-b619-49e3-a88d-61462bb98ec9"/>
    </history>
</groupHaul>
